artist_name,popularity
A. Swayze & The Ghosts,18
The Beefs,28
Majak Door,27
Matt Jam Lamont,24
2nd Grade,18
'Little Women' Original Broadway Cast,30
Kiwi jr.,21
Andy Bell,21
Dr. Dave & The HouseCall Band,22
Shola Ama,40
DJ Quik,51
Coldman Beats,16
The Cool Greenhouse,21
Caroline Polachek,59
"The Reds, Pinks and Purples",33
Aoife Nessa Frances,14
Archers Of Loaf,37
Satanic Togas,20
WOLVVES,7
Horse Lords,17
Teenage Joans,30
Constant Smiles,18
Pangaea,26
clammbon,36
Dennis Cometti,16
Research Reactor Corp.,16
The Idle Race,22
Sacagawea and The Hunters,4
? & The Mysterians,37
Cold Meat,4
En Attendant Ana,21
Jamie Duggan,33
Zoe Wees,65
Josement,31
Captain Planet,40
Boondawg,45
Shellzin,28
Cattle Decapitation,44
Maldita Vecindad Y Los Hijos Del 5to. Patio,56
Eastblock Bitches,31
KITSCHKRIEG,58
Future Palace,46
Ali N. Askin,16
Zensery,54
Neverland In Ashes,24
Omar Apollo,67
Luke Noa,36
Neon Trees,65
Martin Rott,20
Céline Dion,73
My Ugly Clementine,35
Haftbefehl,61
Souly,60
BHZ,61
DONT BLINK,34
Miksu / Macloud,64
Dante YN,56
Jon Void,29
Lune,61
nikan,37
The Cratez,53
Feo Night,41
FOURTY,63
Kathleen Carnali,8
GHØSTKID,43
Endzone,59
Lunay,70
Pretty Lightning,2
ELIF,50
Ferris MC,45
Eazim,40
Isaiah Rashad,66
Moonfish,23
TheDoDo,44
Avenged Sevenfold,76
Frauenarzt,49
Al Bano And Romina Power,55
岡部啓一,48
ÄTNA,41
76er Boys,26
Clara Louise,36
Nando Reis,62
Oehl,36
Samo104,48
Half Metal Kaiba,39
Edin Kaso,29
Ante Perry,27
Inoffiziell.Goldenboy,34
Sääftig,39
CANEY030,56
Mount Hush,8
Kalimba,57
Anton Bruckner,41
Accuser of the Brethren,3
omgkirby,46
Joker Bra,47
Flash Forward,29
Morpheuz,44
Kyle Selig,39
YFG Pave,51
YBRE,41
Alin Coen,38
Cyrille Aimee,41
Betterov,41
Seyed,34
Lianne La Havas,54
Alexander Eder,53
Exploid,35
Samuel Scheidt,21
2LADE,40
Mal Élevé,38
Keko-G,36
Skinny Finsta,26
Velveteen,30
Pietro Lombardi,47
Sevi Rin,38
1stTHEREWASDECEMBR,17
Cloud7,29
Terra Atlantica,25
Imminence,55
Ulysses Ellis,29
Esther Graf,60
NANA LE VRAI,38
Echt,41
Whitey en vogue,44
Lupid,30
Yung Curve,22
Layla Heighway,34
MiZeb,38
Moisés Nieto,48
Stoney Moe,16
Raydar,20
THCGOD,22
Henri Seroka,44
Liaze,55
Xam651,43
Moritz Garth,43
Minos,24
The Disaster Area,20
Don Omar,81
Georg Stengel,43
Lonely Spring,30
Rico Bernasconi,34
Yungpalo,45
Sarah Engels,46
Fito Olivares y Su Grupo,56
Timsmartuk,0
Marie Love,31
Chastity Belt,39
Britton,45
Oz or O,23
Noël Mio,35
The Fisk Jubilee Singers,56
AMÉM,56
Jefferson & Suellen,55
Lisa Børud,30
Madison Hughes,34
Avery Doreen,24
Denise Bamfo,24
Gabriel Brito,61
Ryan Hylton,30
Misaias Oliveira,44
Living Testimony,24
Abxl,23
Divinov1,7
Kellen Byanca,55
Patrick Kubuya,22
LORD LOMBO,28
Buzzella,4
Donald Lawrence & The Tri-City Singers,34
Benny BLY,15
Kenny Lewis & One Voice,28
KOFI OWUSU PEPRAH,29
The Steeles,14
El Cuarteto De Nos,68
Abel Chungu Musuka,28
Daughters of Glorious Jesus,28
Tee Supreme,27
Nathália Braga,47
Osmond Collins,20
Vestine and Dorcas,23
Projeto Norte,36
Yvan Music and Qo,21
Bruce J Lubaki,9
Kambua,21
Jordy Mankoto,1
Thiago Ramalho,42
Apollinaire Habonimana,22
Stacey Sarpong,7
Tim White & ReFocused,2
Adrien Misigaro,12
Teddy Diso,33
Yannick N'tumba,16
Pastor Skylar Patterson & Predestined,5
James & Daniella,24
Faveur Mukoko,40
Makpo,5
Hlengiwe Mhlaba,44
Kiara Vitória,39
Mahalia Buchanan,33
Relena-Rochelle,17
Congregación María De Jesús,29
Tranquil Devotion,24
Minister Lufuno Dagada,27
Les Héritiers Céleste,36
Dr. Ipyana,26
Beni Kibala,11
Jessica Akin,6
Jamestown Revival,43
Ace of Hearts,36
Vision Video,33
The Burning Dogma,0
Suzi Sabotage,12
Called 2 Repentance,23
My Chemical Romance,75
Re.Created,0
The Danse Society,26
Light Field Reverie,12
Fall Shock,5
The Seance,10
Förstörda För Livet,11
The Nature Soundscapes,49
Boy With Apple,8
Chemical Waves,0
Inovercy,2
Ov Shadows,2
All Gone Dead,1
Internet Friends,7
Miseram Mortem,0
Sure Sure,50
Smicker,6
Night Ritualz,9
Raskolnikov,8
The Maile Serenaders,24
Marin Alsop,39
Dismal Days,17
Fallen Arise,1
Lake Of Tears,34
Haggus,27
Metrorrhagia,24
Miasmatic Necrosis,15
Hermanos Gutiérrez,64
Filth is Eternal,11
Fuck On the Beach,14
Xythlia,0
Klitores Kaos,1
Kadaverficker,9
Bum Sick,0
Desprezo,0
Hemdale,10
Zé Henrique & Gabriel,50
Risco Connection,20
RoelBeat,32
VetLove,26
The Matadors,15
Adiga Music Band,14
XANDL,22
J. Damur,20
SK Austen,23
Bleed The Sky,21
Uncured,23
Ouiness,14
Faraón Love Shady,39
Ziad Rahbani,35
Ihsan Al Munzer,12
The Tazers,20
Chad Harrison,40
Gorkiz,16
NICCKO,29
Navos,47
"Johnny ""Hammond"" Smith",31
Las Perlas Negras,31
Laurindo Almeida,48
Alessandro Fernandes,4
Solomon Davis,22
The Jazz Seekers,25
Las Penas,29
Las Tres Cuerdas,28
Esteban Delano,21
Los Tres Mariquitas,28
Allan Soderbergh,27
Jo Rochford,40
Ceriumidis,38
Josephine Forrester,36
Frederic Dupont,20
Peter Bernstein,26
Andreas Borkental,17
Mac Lawlor,20
Masaaki Kishibe,31
Oscar Roland,40
Jonnie Snoilsky,28
Andrea Sason,6
Margot Leavitt,18
Dennis Branko,10
Argun North,33
Vito Cantador,14
Andrei Smirnova,27
Arno Berg,4
Azure,49
Carsten Erobique Meyer,22
Jacques Walter,2
Valencia Torres,40
Hank Garland,18
Akio Watanabe,24
Lukas Rosendal,6
Jesse Edwards,8
José Antonio Rodríguez,16
Dominique Saison,13
Sayless,32
Anona Helene,2
Adeben,41
Bill Nace,6
Marco Tournesol,1
Carly Sands,3
Cindy Cashdollar,10
Mammoth WVH,44
Vandenberg,29
Wildness,19
Water Wolf,11
Dirty Shirley,13
Theody,9
Black Swan,14
Karl Denson,31
David Lee Roth,45
Ratt,56
Harem Scarem,36
David Shiner,23
Mason Hill,22
Hang Youth,28
Trixter,29
Jaded Heart,28
Thurl Ravenscroft,41
South Of Salem,24
H Magnum,40
Cage9,23
Buffalo Summer,4
Funk Flex,45
Outta Pocket,37
SCALP,34
Mobb Deep,64
Dimitri K,55
Banks Arcade,34
Donovan Melero,24
156/Silence,31
Resilia,26
SPYAIR,61
DB Omerta,35
Godfather Don,31
Pain of Truth,36
MSPAINT,28
Properties of Nature,28
World of Pleasure,27
Harold Melvin & The Blue Notes,50
YOU LOSE,16
The Seafloor Cinema,22
Big Laugh,12
Volatile Ways,21
Lloyd Banks,60
Public Acid,20
Out For Justice,16
UFO Project,21
Higher Power,28
Kalan.FrFr,54
Sanity Slip,22
Buggin,27
DJ Promote,12
The Kid Brisk,35
Ghost Chant,26
Kruelty,38
Cro-Mags,35
LSD,61
Militarie Gun,41
Dither,39
Fading Signal,5
Clipse,48
Fracus & Darwin,21
Escuela Grind,28
BULLDOZER,23
The Partisans,27
Martin Solis Y Su Grupo Inborrable,29
Gridiron,29
Snuffed on Sight,39
Blasterjaxx,59
No Face No Case,40
Paris Paloma,63
Rawframez,13
Asrar,33
The Chisel,32
Punitive Damage,21
D-Frek,46
Turning Point,16
Unicorn On Ketamine,43
Hyjacked,15
Infernal Descent,14
Elle Mariachi,17
lilster,53
İbrahim Tatlıses,61
UVIQUE,22
Yosuf,54
Spars,18
T3R Elemento,67
Maxtreme,37
Unifire,15
Cold Confusion,22
Yung Petsi,38
Silecut,28
Soupy Garbage Juice,36
The Bangerz Project,3
Stupid Whizkid,27
Dutch Master's Click,0
Jan Biggel,42
Spectre General,25
Rick.staneke,42
Berend Beuker,29
Teknoclash,37
Armonia 10,58
De Paloma`s,19
Tha Mechanic,28
2 Best Enemies,19
De Maten Van Rossum,1
Buren Van De Brandweer,35
Bankzitters,60
Dvastate,23
The Nasty Boyz,19
Code Crime,14
Rewildz,16
Deluzion,33
Phyric,13
Lil Revive,49
Lostbot,13
Café De Kok,19
Enkeltje Retour,0
Scarra,38
JGSW,15
Invector,23
Frederick Delius,45
Radianze,24
Bright Visions,26
Releazer,18
Jimmy Tailor,13
Brutality,19
Asterz,8
Brainkicker,15
Southstylers,13
DJ Martiens,22
Jordiz,50
Hollandse Herrie,5
Matzic,24
The Un4given,18
De Sfeermakers,28
Jason Payne,19
Rogue Zero,21
Oxidize,16
Levitânea,9
Light The Torch,51
Gatecloser,1
Damian Hamada's Creatures,16
NECK CEMETERY,1
Trotoar18,0
Depraved Entity,1
On the Shoulders of Atlas,0
Passage Into Darkness,0
The Mary Wallopers,43
Hellraiders,0
Alex Mele,0
Cova Rasa,0
Simple Creatures,35
Black & Damned,9
Simon & Garfunkel,71
Ex Battalion,56
Mayhammer,0
Rise of Insanity,5
NightTrain,13
Mario Ian,6
Thundersson,0
Desolate Realm,0
redveil,51
Toosii,63
YN Jay,48
Lil Double 0,58
Big Moochie Grape,54
BashfortheWorld,55
Kevo Muney,44
Boldy James,60
Jauria Santa,64
Princess Nokia,56
REASON,48
Jay Electronica,54
Blvck Svm,50
Scrim,57
Big Boogie,58
King Von,74
The Real Young Swagg,37
AP Dhillon,71
Ameer Vann,33
AG Club,47
Octavian,50
Wesley Joseph,48
Hulvey,63
BigWalkDog,47
Conway the Machine,60
Headie One,64
DaeMoney,48
Adekunle Gold,61
D Smoke,49
Remik Gonzalez,55
Big Homiie G,43
Hi Tech Records pr,27
The Silhouettes Project,47
Chris Miles,41
Veeze,60
Cartel Madras,30
NOVELISTS,46
Tkay Maidza,50
KrispyLife Kidd,49
NXTMIKE,35
Big Havi,30
Rylo Rodriguez,57
ADSO,47
Pháo,46
Erick the Architect,59
DillanPonders,41
Fresco Trey,48
JGRXXN,51
Kill Jasper,35
Young Stoner Life,58
Foogiano,51
Aha Gazelle,45
Liv.e,42
Misha Xramovi,43
Zaia,33
Kenny Mason,57
HVME,60
Master KG,59
Soda Stereo,73
Blind Melon,58
hentai boys,32
Shoby,53
HUTS,50
Forester,50
HAYASA G,38
THYPONYX,39
Polar Inc.,47
Subsonic,47
Massane,49
"Driis (Idris Elba), Ashley & Shevaun",0
Quarantino,28
Tom Gregory,55
Bassboy,33
WHOCARES,45
BAD NINJA,36
Paradigm,58
salem ilese,60
The Underdog Project,51
Leaving Laurel,33
Danko Jones,48
Black Noi$e,24
Minelli,52
FanEOne,44
Moonshine Bandits,50
Prospa,43
Skepsis,59
Sunlike Brothers,49
New Kids On The Block,55
LANNÉ,52
Stace Cadet,32
Eli Brown,60
Scott Rill,49
Will Clarke,42
Tom Enzy,48
Nico de Andrea,51
Kasablanca,46
Damian Lazarus,40
Coco & Breezy,44
Holy Goof,41
Zariya,29
Kalbaisakhi,17
Salman Elahi,32
Shantanu Avinashi,23
Udbhav,50
Amanda Seyfried,65
Tansen.,16
Maikkis,32
The Tennessee Two,58
Melo YTO,9
Ashu Shukla,37
Rbm Rello,22
Raghav Chaitanya,65
RCR,41
Tanmaya Bhatnagar,27
Rap ID,21
Ravator,36
IndianRaga,35
Raptures.,21
Prithvi,47
Adarsh Rao,32
Katoptris,27
Samahita Narang,12
Narhen Ellalan,20
Khatija Rahman,30
Nishu Upreti,22
6091,34
The Siege,32
ZelliX,25
The Western Ghats,21
Yashraj,54
Punit Singh,28
100RBH,29
Bombay Sisters,33
Harish Budhwani,18
DBRYN,22
Kool Moe Dee,50
Harshit Mehta,0
4sn Kam,1
Itrac,16
Sanjeeta Bhattacharya,34
TYPHOON MUSIC,28
Moondrip,4
Raghav Kaushik,35
Shujaat Khan,21
Maharajapuram Santhanam,24
Alain Ramanisum & Willy William,33
Authentic Unlimited,26
Sitar Metal,8
Diewob,3
FreshDuzIt,17
KSAYA,0
Vijay Madhur,8
Epr Iyer,32
Yu9g Nicky,5
Anhad + Tanner,20
Raghunath Manet,3
Jessie Lyngdoh,21
Dhanji,35
Rishab Rikhiram Sharma,32
Coma conscience,0
citimall,23
Amartya Bobo Rahut,26
Dhruv Kapoor,11
Neyveli Santhanagopalan,14
Imcha Imchen,7
Brian Silas,25
Five YearsFromNow,13
Enine,18
Hedrun,4
Nikhil Swaroop,12
Atingkok,8
Niels Van Gogh,45
Tonmoy Krypton,37
Begum Akhtar,23
Kamakshi Khanna,23
Brahman,38
Stikks StillKountin,0
Aaditya Rakheja,3
Pbt Ace,6
Trilok Gurtu,21
Anu Amanat,27
Akanksha Sethi,33
Jeremiah de Rozario,13
Nidal Wonder,38
Akshath,42
Pithukuli Murugadas,26
Hysaze,37
NATE08,27
somanshu,32
Tobias Rahim,57
Tully C.,8
Siyom,12
Dj Wanshan,25
Bade Ghulam Ali Khan,19
Dream Evil,41
ATREOUS,17
Smg4,45
Sarfaad,0
The Veer Union,43
Bedobrata Gogoi,5
Eshanou,2
Sheath,41
VICKY SINGH,33
Oreo Jones,1
Vivaad,21
Ayush Panda,8
Chaoba Thiyam,3
Meghana Mokhasi,3
Small Axe Sound,0
Los De La Nazza,46
Satyum,13
The Tibetan Singing Bowls,36
Badkidz,24
Brij Bhushan Kabra,15
Malaysia Vasudevan,57
Abdon Mech,21
Priya Darshini,7
Ishan Majee,3
Mansij,16
Dead Silence Hides My Cries,16
Buster Poindexter And His Banshees Of Blue,29
Arham Fulfagar,21
Deepanshu Ruhela,51
Heads Over Dreams,4
Swasti Mehul,51
Agsy,31
Tanay Mimani,0
Shane & Shane,60
Path to Moksha,16
Rocky Glock,19
和泉三月 (CV.代永 翼),28
Imliakum Aier,1
Yanto Wangsa,0
Penelope Scott,59
carolesdaughter,49
Sushi Soucy,50
Frances Forever,48
Will Wood,59
Wilbur Soot,51
salem ilese,60
JVKE,74
Brye,43
Shelly,55
Jordan Suaste,41
Tai Verdes,62
Lyn Lapid,60
spill tab,46
BAYLI,37
Bharat Kamal,58
The Oozes,44
Aditya Rikhari,60
Zeph,58
Bickle,34
fanclubwallet,34
49th & Main,53
Mad Tsai,53
Landon Conrath,51
Blu DeTiger,45
Leanna Crawford,49
Leanna Firestone,46
Squirrel Flower,44
Julian Lloyd Webber,50
Baby Queen,48
Honest Men,34
Beetlebug,37
Addison Grace,38
Wallice,38
Miloe,30
Superfan,36
Bears In Trees,42
Holly Humberstone,57
LUNA AURA,39
Kidsnot$aints.,46
Boyish,39
Worry Club,34
Rob Baird,38
Matilda Mann,43
Pretty Sick,44
ella jane,40
Leith Ross,52
renforshort,44
Ace Banzuelo,48
Laura Zocca,43
YOUHA,40
Isabel Pantoja,52
Chillies,52
Ball Park Music,43
FELIVAND,35
Delaney Bailey,54
Momma,42
LoveLeo,36
Muni Long,68
DBMK,29
Abigail Barlow,45
dempsey hope,35
Havelock,26
marinelli,28
Taylor Armstrong,42
Gatlin,43
Max Leone,26
Jordana,62
Rachel Grae,57
tlinh,60
Not My God,18
Armageddon Dildos,14
Siren & Seer,28
Danny Blu,25
Murderdolls,41
Cat Rapes Dog,12
SeptembersRich,47
Drokz,27
Alaena Reese Panesa,0
Sammi Doll,3
Exil der Schatten,14
XHOANA X,4
Android Lust,14
Negativland,18
Tal Arditi,30
Gotshell,10
Machines Of Loving Grace,31
Rorschach Test,4
The Brides of the Black Room,4
Ayarcana,5
Roberto De Carvalho,58
Gonzo MDF,2
Diamanda Galás,24
CARRTOONS,53
Robert Elovsson,32
The Sweetgreens,39
Surprise Chef,43
paris91,39
Kim Waters,41
Underground Canopy,44
Darren Rahn,31
Immanuel Wilkins,36
The City of Birches,38
Burt Mitchell,30
KTZ Players,42
Holborns,40
Greydon Park Band,41
Gillian Spencer Trio,41
Mangrove Yeltsin,42
Ebi Soda,34
Hudson Harris & Haim,40
Johnny Hodges,45
Svaneborg Kardyb,36
Red Stairs Jazz Quartet,17
Zander Jazz Trio,27
Michael J Thomas,22
Louis Silva Band,28
Charlie James-Walker,46
Burrito Brown,26
Ill Considered,32
Gathering in Jazz,33
Moonspatz,27
Sparrow & Bird,40
James Earle Trio,40
Geeder,36
Dr. Dundiff,44
We Three Trio,34
Lennie Tristano,34
Serenity State of Mind,27
SamuW,42
Kuipers & Winter,37
Jeremy Pelt,33
Eddie Condon,29
Stefania Tallini,18
Stiff Cat Steve,37
Art Blakey & The Jazz Messengers,44
The Jazz Cultivators,34
Simber,37
Tori & Dean,17
"Dave ""Baby"" Cortez",22
Ovrkast.,40
Greg Spero,43
Tom Stills Quartet,30
Trois Amis,39
James Jackson Jazz Trio,51
RINZ.,37
Chilled Jazz Inc,28
Jonny Libonate,25
Magpie Jazz Trio,45
Waxamilion,27
Vendla,42
Arne Torvik Trio,26
Chattanooga Trio,21
Ballroom Jazz Collective,36
Greg Foat,36
CrazyJaZz,40
Gregoire Maret,29
Eli Starr Trio,26
João Donato,49
The Contours,50
Alan Braufman,17
PYJÆN,24
Sophia Holmes Band,15
Chad Lefkowitz-Brown,23
Sweet Medicine,46
Nenei,52
Tony Saunders,26
Classic Lounge Jazz,15
Ron Miles,23
Lauren Richardson,23
Oli Howe,31
Jørgen Emborg,22
The Capital Club Trio,15
UWS Jazz Trio,28
Ayzon,19
Bobby Dreamz BIG,35
Walter Smith III,32
Pachakuti,39
Damjan Krajacic,23
Marcos Caixa,38
Dea Sancta,40
Sweet Nothings Band,20
Tom Lewis Band,15
Figgy Mold,40
Ellen Andrea Wang,25
Asi Kaplan Jazz Band,13
Tate Jackson Trio,42
Penpals,34
Dezron Douglas,24
t.Stratt,25
Eddie Harper,39
EllMatic,27
Shalosh,25
Living Room,51
Franz Ferdinand,65
Gene Hart Trio,41
The Basement Jazz Trio,3
Emily Green Trio,45
Cocktails & Jazz,39
Dexter Story,25
The Molsbees,40
Maurice Font,28
110th Street Jazz Trio,13
Wildcookie,33
Enoki,33
Oilly Wallace,20
Khutko,35
Astoria Three,41
The Blue Room Band,15
Sátyr,51
Joel Ross,37
Long Island Quartet,40
Krister & Dalbani,43
Matthieu Saglio,27
Lena Dardelet,24
BimBomBam Orchestra,17
The Midnight Quartet,23
Newington Green,37
Parisian Jazz Lounge,42
Sam Butera & The Witnesses,49
Javano,19
Restaurante Clásico Jazz,16
Three Four Trio,38
Idris Ackamoor,20
ultmt.,23
farewell,43
Gesmis,28
Lim Jeong Won,11
Jack Gardiner,30
Frühstück Jazz Playlist,11
Turning Trio,39
Caity Gyorgy,38
Peter Kind,35
Vintage Emporium,27
Night and Day Trio,17
SicknessMP,32
Delicatessen Noise,48
Emma-Jean Thackray,30
Bird Problems,16
El Reino Infantil,65
Jonah Jones,29
Hviid Larsen,27
Kistaysolid2x,15
Danny Rose Trio,10
Darsena,27
Lady Luck Trio,15
Kaspar Mann,40
Riff Kitten,31
Dualizm,35
Ibrahim Ferrer,45
Panzerballett,16
DOWORK,22
Tiny Stills Quartet,20
DJ Ryow a.k.a. Smooth Current,25
Candy Kid,13
Benny Benack III,35
Byron the Aquarius,26
Jazz For Twitch,16
Bob Stewart,15
Förnuft och Känsla,24
Screen Jazzmaster,51
Daniel Ögren,27
Dinner Jazz Lounge Background Music,25
Jazz for Shops,13
Elvin Jones,29
Otis Ubaka,36
Volker Goetze,31
Antonio Adolfo,28
Maria Pilar Gomez,19
Raffy Bushman,24
Charlie Wilder Band,15
Musica Per Dormire Bambini,17
The Stilltones,35
Marco Locurcio,14
Daniel Rhodes Trio,16
James Butler,54
Tall Trees Jazz,12
Mindi Abair,29
Alegre Desayuno Jazz,13
Michael Soriano Trio,7
Just Steezy Things,40
SPECIAL OTHERS,33
Walt Weiskopf,28
kai,61
ENHYPEN,77
STAYC,59
aespa,79
Red Velvet - IRENE & SEULGI,45
I-LAND2 : N/a,53
P1Harmony,60
Daniel Caesar,79
Seori,56
WONHO,42
YooA,41
KIM WOO SEOK,33
Lucy Dacus,66
DEMIAN,27
KyoungSeo,43
Weeekly,49
MCND,38
PATEKO,37
REFUND SISTERS,25
TOIL,46
Ahn byeong woong,32
WJSN Chocome,28
DKZ,29
MOONBIN&SANHA(ASTRO),40
Han Seungwoo,31
The Last Bear Ender,33
KIM JAE HWAN,39
SFC.JGR,28
CRAVITY,47
DreamNote,27
Lilla Spöket Laban och hans vänner,44
"""Weird Al"" Yankovic",55
DKB,30
MAX CHANGMIN,34
TREASURE,66
SECRET NUMBER,44
Kisnue,25
Momoko Kikuchi,40
cignature,29
Otile Brown,43
Song I Han,24
PURPLE KISS,48
Mona Songz,40
System Of A Down,78
Dragged Under,42
Apocalyptica,58
The Band Of Heathens,47
Dan Vasc,42
Tallah,36
Dream Demon,23
YOHIO,35
Memoremains,29
Heruin,12
Sordid Pink,21
Fraser Edwards,24
Desolated,33
Anthony Vincent,35
Thrailkill,31
Noisecide,18
Sammy SlamDance,30
David Minasian,22
Shepherds Reign,28
Gutter King,22
alt-J,68
Palm Reader,19
Torrential Rain,23
Afterglow Vista,34
Stain the Canvas,35
Sammy & Falsetto,61
LIMBS,21
Elyne,25
Ауткаст,19
Quor,17
I Am Your God,21
ENMY,46
Paledusk,36
Nucleust,3
Alltair,41
Stigmata,30
ТАйМСКВЕР,26
Gianandrea Noseda,42
Ceramic Hello,5
Lieblingsplattendreher,1
Temudo,20
Natalino Nunes,5
Mike Dilla & Curt Dogg,0
Lützenkirchen,24
Andreas Vollenweider,49
Matthew Labarge,16
Alex de Grassi,26
Patrick O’Hearn,0
Lisa Lynne,26
Amanda Holden,22
Patricia Petibon,25
Elegy Of Madness,11
Michael Crawford,43
Ralph Benatzky,16
John Alldis Choir,45
Richard Armstrong,21
Marcello Viotti,27
Michel Pignolet de Montéclair,10
Jean-Baptiste Lemoyne,0
Mariette Davina,0
Poemisia,0
Mütze Katze,45
DJ Chipman,5
Schokkverliebt,33
THOVI,45
Mountain Crew,43
Franco Piccolini,30
Emi Flemming,30
Julian Sommer,59
DJ Heini,36
Kings of Günter,52
Scarlet Flair,4
Jacob LaVallee,50
Chantry Johnson,42
Flying Fingers,62
Jean DeVoite,37
Danielle Fleur,28
Atticus Laines,30
Loane Tellier,29
Gjermund,38
Joy Meyer-Williams,37
Con Alma,45
Guiseppe Amilcare,18
Maude Eldridge,16
Chewie Melodies,48
Pontus De Bjorn,33
Aretha Grant,38
Belinda Myers,28
Pamela Goldings,38
Amy Bynes,26
Clara Nishimoto,30
Kotono Tanaka,28
Irene Gaifana,24
Ingrid Olsson,31
C.J. Wilkins,20
Morunas,45
Loris Murray,18
Paulo Ricardo,44
Julia Blige,19
Ellery Hughes,31
Mauvais Roger,31
Carluccio,48
Seth Fernsby,34
Jill Corazina,14
Niels Saunders,16
Ludwig Bern,33
Philip Glass,57
Aron Edwards,39
Harmony River,39
Ragnar Seaholm,23
Cedric Armfeldt,28
Rebecca Leonard,22
Crimson Memoirs,44
David Andrew,51
HalcyonMusic,33
Benji Noor,29
Willa Jacobs,21
Camilla Selezneva,19
Volker Wagner,17
Leila Milki,32
Kindy Corner,35
Dennis Riley-Jones,24
Fiona Astier,19
Piano Radiance,41
Amélie Chantal,10
Daniella Babbitt,19
Niwashi 庭作,21
Sophie Ronstadt,28
Novum Cordis,16
Alexandra Zvereca,18
Maya Wilkes,19
Rediscovered,30
Albert Riqueti,11
Anthony Bertoli,10
Zdenek Lemelin,24
Albert Puck,6
Mactominie,17
Helena Gabriel,12
Massimo Corciani,19
PianoDeuss,42
Jon Hendrickson,5
Flóki,34
Seraghi,8
Benjamin Thorpe,15
Mauro Cangemi,20
Zach James,36
Lucas Bernard,13
Michael Hanley,37
Allysium,52
Piano Pan,14
Morten Lidahl,14
Mizuki Lee,11
Isla Bell,25
Monique Galant,18
Federico Montoya,12
Cole Eady,2
Élise Aucoin,21
kevinseopiano,21
Claribel Ramón,21
Ingeborg Kallweit,36
Rosa La Corte,11
James Keer,18
Brandon Myles,28
Avery Hall,14
Marcel Pokorný,6
Alexander Descartes,31
Piano Covers Club Delight,23
Patricia Sevin,12
Hilda Vimér,15
Denise Santoz,29
Anne Straub,24
Jan Thiel,36
Enrico Parente,10
Margrete Wiik,12
Maura Bellucci,30
Sonic Wine,15
Lihua Zhao,37
Billboard Baby Lullabies,38
Karen Kasper,32
Haru Kitamura,36
Augustine Western,0
Gabriela Tolda,4
SLSMusic,33
Walter Groenig,6
Gilbert Lécuyer,9
Hamleto Stamato,16
Jacques Ferrandi,22
Oscar Melone,9
Harold Kay,10
Horace Silver,43
Corrine Chloé,11
Plants and Animals,25
Claire Lerdier,44
Oscar Johansson,31
Davignon,48
Taylor Driskell,11
Eric Sebastian,35
Patrica Vazquez,7
Frédéric Pinault,3
Rick Gallagher Project,41
Sunday Night Piano Club,31
John Lazaroo,21
Joanna Haynes,9
Ezequiel Johnson,31
Ryan Tenner,30
fine/天祥院英智(CV.緑川 光)、日々樹 渉(CV.江口拓也)、姫宮桃李(CV.村瀬 歩)、伏見弓弦(CV.橋本晃太朗),35
Anime Pro,17
Fujii Kaze,71
Elley Duhé,73
THE ANXIETY,56
Tems,75
Alexander 23,59
Bankrol Hayden,54
VOILÀ,62
Jawsh 685,57
The Church Will Sing,47
Jerry Di,55
Hotboii,58
Kid Travis,47
Kidd G,57
Julie and the Phantoms Cast,57
Stileto,55
Kyle Exum,43
DDG,59
Church of the City,44
jxdn,59
Stephen Sanchez,74
Ado,73
AViVA,57
Lil Xxel,43
Hope Darst,44
Rory Webley,43
Chandler Kinney,52
L.A.X,54
Feid,89
Johnny 2 Phones,44
Malia Civetz,34
Masayuki Suzuki,51
Boza,61
Alexandra Savior,47
Lakeyah,47
Ovy On The Drums,72
Meg Donnelly,54
Pearly Drops,43
Lydia Laird,36
WizTheMc,45
Morray,58
Nazia Hassan,44
The Three O'Clock,18
The Reflectors,14
Nick Piunti,7
Trashcan Sinatras,28
The No Ones,3
Manchester United Boys,27
Teenage Fanclub,40
Huntingtons,22
The Soft Boys,24
Hessian,42
ANUQRAM,38
System F,42
Ahmed Helmy,39
Leon Bolier,23
Tempo Giusto,39
Cherry Coke,19
AVIRA,47
Toni Braxton,61
Jordin Post,29
gardenstate,49
David Folkebrant,9
Rowald Steyn,45
The Mothers Of Invention,43
Yard Act,46
Jim Spencer,12
Lowriderz,33
Clark Johnsen,40
Haiku Salut,17
Vera Fauna,24
The Kings Of Frog Island,22
Demonic Death Judge,11
八十八ヶ所巡礼,16
Nektar,28
Communicant,12
Selda Bağcan,53
Yoo Doo Right,15
Os Mutantes,42
Blue Wednesday,50
Mother Goose Club,61
No Trend,16
Luis Alberto Spinetta,57
O Surto,44
Courting,28
Korol i Shut,56
The Starkillers,23
Blondinka KsU,16
Alyans,33
Flema,42
BACK LIFT,22
ЖЩ,23
EGG BRAIN,22
HOTSQUALL,18
Haydamaky,18
Hipsumhaps,29
KDRR,15
Nogu Svelo!,22
Gang Of Four,45
AKNE KID JOE,30
Talk Show,20
Operation Plasticine,25
The Outcasts,14
Dengesiz Herifler,27
Dead Quiet,8
Drei Meter Feldweg,38
Herbert Blomstedt,35
Radio Havanna,28
100 Kilo Herz,31
So!YoON!,51
standards,32
Wheatus,61
BURNOUT SYNDROMES,54
Yuu Miyashita,41
BUMP OF CHICKEN,60
Dromedarios Mágicos,47
Arise Roots,36
Kiro Akiyama,45
Tribal Theory,28
Zardonic,43
Nation of Language,46
Gin Blossoms,54
The Surrealist,35
Stage Kids,35
Demi the Daredevil,35
JJ Wilde,37
The Tin Knees,24
Join The Club,47
Unified Highway,34
NewDad,43
Monkey Majik,46
Los Pulpos,26
Chappaqua Wrestling,29
Gengahr,35
Kjjjjjjjjj,18
Ray Peterson,41
The Collins Kids,19
Crispian St. Peters,29
Johnny Burnette,37
Jimmy Jones,30
The Dovells,24
Raul Abramzon,38
Johnny Otis,29
Pat Boone,42
Ronnie Self,23
Bill Haley & His Comets,51
Gruppa Express,23
Александра Морозова,3
Михаил Иванов,0
Zhenya Shevchenko,9
Lil God Dan,51
LDNE,53
Gentrammel,46
David Santos,48
Proximo Nivel,30
Ivan Cornejo,71
Enzo Iwamura,38
Marco Soriano,27
Hisohkah,58
Peso Pluma,88
Khantrast,58
Ovi,66
DannyLux,70
ssjishmael,43
Thekidszn,50
Rarin,52
Jon Caryl,41
Grupo Diez 4tro,49
Nueva Marca,53
Leonilo Jaimes,33
Dro Kenji,51
GueroX,27
Prasewon,44
KevGee,33
JADY’S BIRTHDAY,0
Vwillz,55
Lucus,29
Brian Culbertson,49
Dustystaytrue,41
omgkirby,46
PmBata,41
Grupo Triple L,49
Dendipappey,32
Fasetya,15
Grupo TMB,41
BrxkenBxy,40
DREAMDNVR,37
2gaudy,36
Alrahim Wright III,26
Kana Nishino,59
Brandon ThaKidd,29
DISTINTO NORTE,51
Porsche Love,38
Pardyalone,44
Memoria XI,29
Aizayah Hills,23
Frisky El De La Magic,26
Doble Infame,23
IWL,32
Kado,48
LoveJSan,26
MemeIt,15
Ultima Movida,14
KID E$s,32
Damazein,27
Efecto Elegante,53
Marco Antonio Solís,73
Piano Prayer,42
Baby Snooks,10
Uliseesssss,17
Zebatin,35
Maiza,36
goldenchildren,34
Heartbrkkidd,25
Braden Ross,40
Jorge Leo & Atrato River,29
Ray De La Paz,39
Kim De Los Santos,22
Wichy Camacho,28
Davis Bravo,28
Son De Cali,43
Erick Franchesky,43
Salsa Kids,45
Dj Faricho,31
Nelson Y Sus Estrellas,37
José Luis Rodríguez,57
Orchestra Harlow,21
Javier Vásquez,24
El Tita Salsa Urbana,34
Edwin el Calvito Reyes,23
Sir Martin III,18
La Kutty,25
Papucho Manana Club,20
La Novel de Martín Guevara,33
Silva & Guerra,20
Hugo Aguilar,10
Landa La Sensación,22
Paula Zuleta,10
Pablo Northia,9
Orquesta Costa Brava,16
La Critica,26
LP Los Profetas,17
Ivan El Hijo de Teresa y La Llegada,24
Latidos La Voz Del Corazón,7
Isa Abensur,15
Maikel Dinza,10
Quinto Mayor,21
The Modern Jazz Quartet,40
Alex Wayne,15
Yasser Ramos Y El Tumbao Mayombe,23
Rumbavana,34
Tito Allen,23
BLESSED MANE,57
Hector Madrid,8
Vinny Santa Fé,41
Paschim Films,5
Akatu,53
Jorge Aragão,58
Sandália de Prata,12
Grupo Alvorada,1
Sambasonics,9
Leonardo Bessa,21
Olodum Banda Reggae,11
The Ipanemas,40
Geovana,22
Comunidade Samba da Laje,0
Roberta Oliveira,6
Mingo Silva,19
Abel Ferreira,18
Terra Samba,41
VELHA GUARDA DA PORTELA,43
Dalva De Oliveira,26
Pedro Mussum,17
Samba do Povo,9
Samba de Dandara,6
Bruno & Denner,52
Rafa e Junior,35
Fred & Victor,32
Cesinha e Matheus,33
Felipe e Falcão,41
Rayane & Rafaela,56
Jeann & Julio,23
DJ Lucas Beat,59
Vitor & Cadu,32
Carlito & Baduy,28
Netto & Henrique,42
Los Siete Latinos,45
Ze Fortuna E Pitangueira,22
Marco Antonio & Gabriel,21
Cascatinha & Inhana,28
Mococa & Moracy,6
Craveiro & Cravinho,35
Léo & Raphael,63
Theo & Luan,25
Pardinho e Pardal,20
Krystina Alabado,52
Jo Ellen Pellman,29
Drew Gehling,39
Melissa Barrera,45
Original Cast of Billy Elliot,30
Yngve Gasoy-Romdal,0
André Bauer,16
Marc Gremm & Bruno Grassini,0
Aidan Bissett,53
Laufey,79
Margaux Beylier,28
Avery Lynch,42
Ellie Williams,31
Amy Allen,27
Sydney Rose,42
Julian Taylor,30
Georgia Webster,38
Ashley Kutcher,49
Vicky Chen,49
李润祺,30
Rob Deniel,63
Dafna,29
Elthia,16
Hayley Gene Penner,18
Sofía Valdés,35
JayXander,23
David Alexander,27
Sophie Pecora,34
Eliza McLamb,35
mehro,57
Stephanie Lambring,22
Charlotte Cornfield,25
Sarah Cothran,54
阿雲嘎,0
Annie DiRusso,33
Emily Lindquist,19
Kate Stephenson,26
Hana Bryanne,21
Tomas Raae,13
Bozitt,33
Keenan Te,57
Chris Lanzon,41
Eva Westphal,29
Emma Oliver,21
Nguyen Huong Ly,26
趙英俊,22
Hoàng Minh Châu,22
Rebekka Blöndal,15
林強,25
許含光,22
Steve Forbert,43
Vivian Hsu,37
Feng Ze,47
Sigrún Stella,18
Gerry Rafferty,59
KIM JAE HYUNG,11
Annie Blackman,16
Zoe Clark,46
Choi Yu Ree,51
Thuong Hoang Long,14
Yutaro Miura,20
王泽科,24
Jeremih,71
BAD OPERATION,18
Rico Rodriguez,32
Mephiskapheles,23
Strike Anywhere,31
Slick Shoes,26
The Swan Silvertones,19
The Gritty End,4
The Chinkees,13
Kotardo,23
Autopilot Off,32
Millie Manders and the Shutup,20
Intoxicados,59
Public Serpents,13
Niña Carolo,12
Los Abuelos De La Nada,60
Crazy Baldhead,7
Hockey Hook,5
Лампасы,27
Lloyd Robinson,15
Box Car Racer,47
Xavi Sarrià,34
Bandung Inikami Orcheska,17
Chimonos Chimonos,7
69 Fingers,1
Sleep Miracle,57
Wolves Club,26
Cokobi,31
Prescient Liquids,32
Vishal Casey,40
Apech,38
Norrona,19
Sydney Woods,27
Mila Harper,37
Even Massi,27
Orla and the Stars,27
machine ii,33
Zen Atlas,38
Jeff Birma,44
Malik Jeremiassen,28
Flying Rivers,30
Felix Hertzog,21
Soothe My Soul,43
"oh, the joy.",53
BLVKSHP,29
Cameron Sinosa,35
Toma Tu Lugar,52
Universo,39
Florence Adame,22
Karlis Volt,18
LiKKma,33
Sky Wishes,26
Dreamspot,18
Ferndale,32
Alisieu,25
Eleonora Feldt,37
Spacewaves,14
Pauline Huijbers,30
Massimu,36
Ambienetic,16
Gentle Hat Club,19
Cleantha,12
Mindezer,21
Astor Petra,9
Feldgeister,34
Eyla Calmes,47
For The Lost,41
Bjørg Stigbjørnson,34
Skyler Wilson,44
Carufo,49
Kamryn Freeman,35
Counting Tides,42
Aysha Mathis,24
Juliana Stipe,43
Judi Khan,37
Polyphonic Grain,31
Petros Idris,37
Sanja Göransson,22
Nils August Valentin,18
Darcie Roman,40
David Payne,25
Juno Reed,41
Zero Degrees Celsius,24
Marie Protivová,20
Rouge Haven,26
Nessa Manuel,22
Sleepy Clouds,38
Andy Kamman,29
Pearl Melendez,41
Kevin Hutchins,33
Chandeller,33
Næturkall,34
Norris Melcher,34
Ashtanga,35
Patrick Droney,46
Månvarv,43
Silas Mathiasen,18
Zims Ele,49
Mjuk,36
Degravitated,37
Shibb,22
Rosetta Arroyo,31
Darcel Gau,32
Alexander Brinkman,30
Arlo Leclerc,28
Dominico Lucci,10
Stone Steps,30
The Human League,60
Sal Lastra,50
Floating Points,47
Aura Lynx,32
Penny Layn,23
X-Genie,48
Spa Music Relaxation,49
Remi Asana,26
Reuben Hensley,11
Brainbox,46
Ethan Beckett,27
Howling Winds,20
Bonnie Mathis,12
Matt Ullman,42
Deep Sleep Vacuum Cleaners,23
Selma Ström,23
Howard Lieberman,29
"Nature Sounds Relaxation: Music for Sleep, Meditation, Massage Therapy, Spa",19
Native American Meditations,32
Nature Sounds Artists,35
Emotional Pleasure,17
石川晃次,39
Wes Jools,13
Silent Remedies,11
Tottori,31
Organic Nature Sounds,37
Beautiful Sleep,23
Joel Moin,13
Xoj Litran,14
Sleeping Baby Songs,36
Scandinavian Nights,19
Karush Vodri,10
Sleep Solution for Tinnitus,31
Sounds of Love,27
Eugenie Fichter,8
Space flower,4
Rain Sounds Nature Collection,46
The Destination,28
Gentle States,9
Celliophone,13
Rain for Deep Sleep,46
Le Palade,38
Mia Pandosa,33
Landscape Dreams,12
Dries Wold,25
Calil,39
Don Mazuck,42
Thee Sacred Souls,65
Los Del Limit,57
Los Yesterdays,45
Shin Sakiura,39
Rizky Febian,65
Oblivion's Mighty Trash,54
Conor Albert,43
Dxvn.,43
Gotts Street Park,57
Josh Levi,55
Azee,44
Santino Le Saint,45
Miller Blue,35
Isaac Lewis,23
haruno,44
Blaq Diamond,48
Kabza De Small,62
Scribz Riley,37
Two People,33
Melanie Faye,44
The Spyres,29
12AM,34
Dream Theater,59
Jamie Miller,63
Jason Joshua & The Beholders,30
Lava La Rue,43
Otis Kane,41
Teddy Swims,81
Natalie Jane,60
Avant,53
Sleeping Lion,26
Adina Howard,44
Depresión Sonora,55
Margarita Quebrada,27
Álvaro De Luna,60
Marmi,50
Chenoa,44
Rigoberta Bandini,51
Besmaya,46
Paula Koops,49
SAMURAI,50
Noan,46
Finale,25
Rafael Lechowski,39
Cora Yako,30
Dok & Martin,23
Eva McBel,17
R De Rumba,43
Pequeño Casero,39
Belén Aguilera,50
Décima Víctima,20
juno,44
Paula Mattheus,52
Aiko el grupo,37
Alba Ventura,19
The Steel Woods,43
shego,39
Marcelo Criminal,21
Confeti de Odio,24
Malamute,21
Elle Belga,9
Derby Motoreta’s Burrito Kachimba,40
Darmon,48
Alaska Y Los Pegamoides,33
Cómo vivir en el campo,17
Immaculate Fools,25
Antonio Serrano,19
Jorge Salán,22
Unidad y Armonía,6
Agoraphobic Nosebleed,28
Grupo de expertos Solynieve,22
MARLENA,59
Manolo Kabezabolo,40
Leonard Cohen,62
Carte Grises,30
Acqua Toffana,12
Arcones,37
Sule B,33
Apartamentos Acapulco,21
Leize,23
Victor Leksell,62
Kimchii,33
E-Type,48
Josiah and the Bonnevilles,60
Ana Diaz,39
Duvchi,26
Paulina Palmgren,16
Måns & Dotter,39
Eskobar,30
Orphei Drängar,30
Nick Borgen,31
Andreas Hourdakis,19
GULEED,50
Reach,33
I.B. Sundström,20
Ifa Wartburg,32
Aden Foyer,49
Greymane,23
Felicia Takman,31
Bolaget,62
My Marianne,42
薛汀哲,32
Artificial Sky,7
HAVAL,56
Maestitium,4
Magnus Carlsson,34
Molly Hammar,48
Ida-Lova,32
A36,54
El Jordan 23,67
Die PSI-Akten,28
Childish Gambino,79
Alex Järvi,38
Newkid,51
Lov1,50
La Lusid,9
DANO,56
French Montana,73
Peter Mattis,27
Maximus Wel,35
Naod,51
Osman İşmen,22
Rio Da Yung Og,64
Sarettii,57
Charles Wright & The Watts 103rd Street Rhythm Band,42
Melanie Martinez,80
Bite Down,22
Jeano,38
Barbados,38
9lives,66
Robbz x Brookz,39
Rhiannon Giddens,45
Relaxing Music for Stress Relief,43
AWavez,20
Sayed Darwish,29
Gustaf & Viktor Norén,35
Snowstorm,35
Sara Zacharias,41
Frida Öhrn,29
Carolina Winograd,4
Neitoset,6
Orquesta Juan D' Arienzo,24
Massano,52
Luca Eck,31
Remcord,20
Max & Nim,22
Roi Okev,18
Wax Wings,19
Drumstone,31
Lake Avalon,27
LEHNBERG,12
INVŌKER,12
FNP,9
Sobek,29
In Verruf,32
Viper Diva,23
Plastic Robots,26
Gilanares,24
Folabi Nuel,36
Charlie Sparks (UK),40
Roy of the Ravers,16
Morttagua,24
Yellowcard,60
Frank De Wulf,18
Modestia Aparte,36
Julian Muller,31
Katia Val,20
Twins Project DJ's,19
Ignacio Arfeli,20
MARTIN K4RMA,18
Silicone Soul,32
Touchtalk,26
Clara Cuvé,17
JAESSEY,24
Giuseppe Ottaviani,51
Mia Mendi,35
Echoes Of October,18
David Löhlein,35
Bloody Mary,17
Westbam/ML,27
Cali Martini,21
Underspreche,15
Fabrication,25
Vinyasa,24
Ballarak,31
joeFarr,8
Marc Acardipane,51
The Exaltics,17
DJ Misjah,27
Sean & Dee,26
GNTN,15
NTBR,27
Wata Igarashi,17
Mus Mulyadi,33
Paradoks,33
Øostil,35
Mark Greene,14
тпсб,5
StacEmp,7
Soma Soul,15
Stylo G,48
Rogue Unit,9
Thaman S,68
Channel X,16
Stereo Underground,19
Esoteric Circle,16
Steve Soelberg,16
93sovage,9
Hanubis,11
Magitman,6
VNTM,22
Dream Baby,45
Tommy Baynen,23
Maia Wright,48
Dabeat Romero,29
Elysian Lotus,46
Cubicore,34
Key Lean,14
Pxnk.gxd,27
Paul Arcane,19
Gonzi,42
Juan Carlos Allende,29
Marcus Santoro,37
Maria Healy,28
Paul Deep (AR),16
Nornis,32
Stefre Roland,29
Nōpi,29
Paranormal Attack,30
Philippe El Sisi,22
Karandash,24
Metta & Glyde,24
Claus Backslash,12
Kasper Koman,27
Jiminy Hop,24
RYDEX,17
Wassup Rocker,44
Synergetic Emotion,35
Eugenio Tokarev,40
Michael Kovach,54
Cathy Burton,30
Deep Kontakt,27
Bizzare Contact,32
Mhammed El Alami,33
Electric Gene,8
Whiteout,30
Nikhil Prakash,11
Robbie Seed,32
Steve Dekay,30
One Function,18
Mark Sherry,28
Phil Reynolds,15
DreamVibes!,17
HACOON,27
Sam Laxton,28
Farhad Mahdavi,11
Liquexx,26
9 Lazy 9,43
Wayne Mack,31
Carly Lyman,29
Paolo Velera,21
Laurence O’Brien,40
Eden Elf,45
Corinna Jane,19
John G. Elliott,7
Caj Morgan,35
Stephen Fretwell,24
Covers Culture,49
Filip Nordin,41
VENDEE,35
K. Frimpong & His Cubano Fiestas,9
CB Inc.,3
Isaac Bola,8
Palhaça Jujuba,15
Psyco On Da Bus,1
Mac Powell,48
Ryan Vera,26
betcover!!,37
The Chainsmokers,80
Jarvis Cocker,40
KAQRIYOTERROR,36
Regal Lily,44
Los Master Plus,47
Mike Cooley,23
Xiu Xiu,40
yourness,32
Adema,41
Awesome City Club,46
Macaroni Empitsu,64
Ginny Owens,28
Serú Girán,55
Eydís Evensen,43
Sofie Birch,33
młody klakson,52
The KLF,40
Grandbruit,3
Rachika Nayar,27
Xavian,17
Hollie Kenniff,28
Ben Seretan,22
From Somewhere Quiet,38
Glowworm,28
Sleep Surgeon,19
KENJI KIHARA,34
LI YILEI,30
Wacław Zimpel,16
Richy Mitch & The Coal Miners,71
City of Dawn,29
Motohiro Nakashima,25
Beyond Time,40
Abstract Aprils,34
Night Gestalt,10
Infralyd,24
Aatom,27
Slim Vic,14
Shinji Wakasa,14
Hildegard von Bingen,41
Gävle-Stockholm Dub,6
Perila,18
marine eyes,27
Broken Peak,45
Lucy Railton,32
Autumn Creatures,7
Neutron 9000,13
Lawrence English,31
Mystic Crock,21
Salamanda,28
Juliano Gomez,14
Moira Dela Torre,64
Teruyuki Nobuchika,28
Robin Guthrie,36
Kieldfal,21
Hoavi,13
Rei Harakami,34
Lujo Asiático,9
ishi vu,13
Kazuma Okabayashi,29
Nocturnal Pestilence,10
Rosegarden Funeral Party,33
A Thousand Sufferings,0
Flowering Inferno,52
Necromantia,14
Kanonenfieber,38
Kringa,4
Archierophant,14
Perennial Isolation,4
Gorgon City,61
Aquilus,22
Stake Driver,5
Wampyric Rites,11
The Noctambulant,3
Winter Lantern,8
Doedsvangr,21
Misotheist,11
Forhist,2
Morbific,8
Skáphe,5
Katabasis,1
Sermon of Flames,4
Koldovstvo,3
Game of Thrones,43
Eternal Valley,3
Dordeduh,9
Malist,9
Craven Idol,0
Noctule Sorix,0
Darkwoods My Betrothed,8
Ramihrdus,1
Marblebog,3
Chrome Waves,4
Sol Sistere,5
Рожь,8
Cursed In Eternity,16
Guided By Voices,47
Last Lightning,2
Earthshine,14
Dold Vorde Ens Navn,9
Crucifixion Bell,3
Soulless,10
Seth Anthony,50
Ars Magna Umbrae,3
Antediluvian,6
Belore,17
Mānbryne,16
Primeval Well,2
Firienholt,11
Ondfødt,14
Ivan Vragolović,0
Aorlhac,11
Angrrsth,11
Blodtår,9
Sznur,16
Nailed to Obscurity,30
Fractal Generator,11
Veilburner,2
Golden Earring,51
Jessie Hill,16
Chris Cain,28
Odetta,37
Michael van Merwyk,28
Benny Spellman,15
Don Griffin,0
Arnett Cobb,21
Nahawa Doumbia,26
Steve Cropper,26
Earl King,28
The Marvelettes,47
Joanna Connor,23
Colin Linden,15
James Gang,45
Kenne' Wayne,18
Dee Dee Sharp,32
Albert Ammons,18
Bob Margolin,19
JDSnevermissin,22
Edan 呂爵安,46
MC $oHo & KidNey,26
Mike 曾比特,39
Gigi Cheung,34
Rowena Cortes,21
陳慧珊,29
paris grey,10
Guo Gan - Chinese Erhu Master,36
grentperez,60
Shady Moon,54
Jenevieve,51
dyl dion,46
SwitchOTR,48
boy in skirt,42
JBEE,54
Empire Of The Sun,75
bixby,47
Alex1,42
david hugo,43
Bathe,47
HYBS,66
ProdBySunny,43
c678924,33
MKAY,38
strxwberrymilk,40
Solace,30
Valerio Castilla,30
Passing Currents,37
Die Ärzte,61
Bvga Beatz,70
ZRobb,42
Downhill2k01,34
Nokiaa,47
Jesse Gold,42
Charlene Su,34
Canking,39
9smkr,42
SAGEISKAMI,31
Ronzo,36
DaniSogen,49
Ely Waves,35
GnB Chili,40
Robert Lowe,29
Kaspar Mann,40
Idi Akz,37
AKIBA,42
Takayoshi,56
Hong Kong Boyfriend,25
A1 x J1,56
NiteWind,26
Liam Stoler,19
Banda MS de Sergio Lizárraga,77
King Sis,42
11vx,37
PHABO,43
TOKYOPILL,48
Marta Jobim,33
ooxygen,37
SVMP,32
MiSTah Kye,39
iithe1st,28
sorrow,47
Nedaj,40
Golemm,38
Purity Filter,42
Los Amores Recientes,29
DJ Covy,26
Las Lagrimas,31
Skorde,65
Denise Julia,63
Harvio,31
anbuu,31
Yasumaru,41
Dimmer Signal,21
Otrebor,23
Alexia Mathieu,28
Kay9ine,33
Los Viajantes,30
Explosions In The Sky,48
Jaja Bu,14
Kevincito El 13,53
Hanni Licht,43
Thomas Ng,40
Ethan Dufault,38
Michele Leao,20
Nelson Gomes,5
Brit Koch,8
Yesterdayneverhappened,28
Overcrest,33
Las Almas Nuevas,38
optic core,34
Ensidya,36
Misha Segal,47
Oliver Young,33
Bamba Lamer,29
REY VALERA,54
Stemo,24
Navyug,36
Private Zero,40
Kaizo Slumber,33
Oli Bloom,15
Sadboysav,11
snafu,36
Tskinz,44
kojo,50
Damma Beatz,36
Marcus Larsen,8
Daxten,34
KENTENSHI,53
Blksmiith,45
Mama Aiuto,40
llwll,29
Filip Benedetto,32
Ivytide,25
Gym Class Heroes,66
Taron Egerton,60
AC/DC,81
Pablo Queu,9
RNAQ,29
Elias Braun,41
Dario Crisman,33
Reivaj Ebol,31
Improline,36
Daniel Schrage,45
Gyða Valtýsdóttir,24
Bart Sunshine,41
Adrien de la Salle,47
Ty Karlsson,31
Kennet Roy,22
Anneleen Lenaerts,41
Collettivo Armonico,28
Alexandra Hamilton-Ayres,29
Vetle Nærø,32
Elori Saxl,19
Helen Green,26
Minihi,15
Miriam Barthez,16
Marina Baranova,30
Cameron Segal,40
Sebastian Zawadzki,23
Alexis Weissenberg,45
Becky Ainge,45
Michael Janzen,35
Sharon Lynn Makarenko,26
Julian Lloyd Webber,50
Magnús Jóhann,28
Irina Mejoueva,34
Tamara Anna Cislowska,35
Søndag Søndag,23
Liquid Tension Experiment,34
Girolamo Frescobaldi,30
Þorkell Sigurbjörnsson,14
Ben Frost,29
Amy Dickson,36
Signe Lund,18
Milosz Magin,21
Paolo Pandolfo,34
Scholler,16
Pretty Yende,21
Heino Eller,10
Rrodney,17
Memories of the Forgotten,43
FOVOS,52
Oxhy,19
ALVABEAT,27
CASHEW,38
Bby Eco,28
Call Me Sleeper,28
TRISEKT,17
Pavel Milyakov,21
'Legally Blonde' Greek Chorus,33
Celina Sharma,42
Synphic,17
Alex Yarmak,35
despite others,13
Ramon Ayala Y Sus Bravos Del Norte,63
GAZZI,28
claire rousay,31
Mani Festo,14
oversly,17
Vascylla,4
Lighghty,2
KAVARI,26
Noah Guthrie & Good Trouble,9
Richard Pryor,24
Keith Pedro,4
Eddie Izzard,28
Babs Gray,2
Colin Cook,13
Harmony McElligott,12
Erica Rhodes,14
Sam Tallent,12
Michael Joiner,17
Clinton Jackson,19
Jonah Fujikawa,3
GeMi-FlY,2
Jacob Barringer,0
Bill Santiago,5
Maz Jobrani,6
Marc Yaffee,6
Keith Barany,4
Sbn3,8
Jake Mattera,1
Adam Degi,1
FASCINATING AIDA,15
Rocky LaPorte,4
Erin Harkes,4
Jeremy Hotz,1
Jeff Shaw,3
Mary Santora,3
Ivor Biggun,13
John Wing,3
Steven Patterson,0
Chayce Beckham,62
Conner Smith,55
Avery Anna,56
Matt Schuster,54
Hayden Coffman,53
George Birge,47
Erin Kinsey,50
Ella Langley,57
Noah Hicks,45
CHASE WRIGHT,49
Joshua David Harris,54
Megan Moroney,69
Callista Clark,30
Brandon Ray,28
Jack Ingram,39
Madeline Edwards,36
Nikita Karmen,23
Dalton Domino,26
Brandon Davis,41
Haley Mae Campbell,32
Chris Ruediger,30
Garth Brooks,51
Anna Vaus,28
Riley Downing,42
Scott Ballew,23
Tiera Kennedy,55
James Johnston,51
Kelsey Lamb,41
Derek Austin,25
Mae Estes,30
Leah Mason,30
Emily Brooke,18
Margo Cilker,28
Mel McDaniel,56
Deana Carter,52
Jason Blaine,29
ACRAZE,63
Sir Chloe,60
Griff,59
Majestic,64
One Direction,82
Gabry Ponte,73
TWOPILOTS,64
Soulja Boy,66
Masove,60
Aktive,45
LP Giobbi,59
Gym Class Heroes,66
Vanessa Hudgens,59
Keanu Silva,51
Nelly Furtado,75
Maddix,65
Goodboys,66
Wael Kfoury,52
Belters Only,55
Damian Harrison,25
Mark Mendy,49
Marksman,38
Mufasa & Hypeman,60
Bayka,48
O-Zone,55
Abroad,44
Duke & Jones,46
Rolipso,61
Nation Boss,33
Jahshii,39
BADDA GENERAL,20
Malie Donn,47
Jeff Fullyauto,39
Armanii,46
Projexx,42
Terra Groundwell,36
Robbie Rule,0
Silk Boss,27
Kraff Gad,48
Grim YG,18
Nervz,14
Roze Don,35
Didi Kempot,49
Brysco,35
Lavisch,11
Tenor Saw,33
New Empire,33
Fadagad,5
Niklas Jeng,7
Harry Toddler,24
Anju Blaxx,38
Molotov Solution,25
The Orphan The Poet,36
Cult Of Madness,0
Inhuman Condition,25
Virial,3
REJECT THE SICKNESS,7
Tactosa,21
Duskmourn,17
.357 Homicide,20
Ophidian I,14
Pyrexia,19
Dream Unending,20
Alfa Cognitive,49
Ghosts Of Atlantis,10
The Last King,6
Serpent Column,12
Shadecrown,9
Gladenfold,11
Alustrium,12
NECROTTED,18
Burial In The Sky,9
Oxygen Destroyer,19
Devoured Elysium,6
Diphenylchloroarsine,13
Facial Fracture,13
Demon King,16
THE ART OF MANKIND,11
Apogean,16
Timeghoul,7
Pestilence,30
Chaotic Remains,4
Exhuminator,2
Brodequin,26
Toby Keith,71
Planetopia,40
Praise Cats,44
Sebastian Emes,15
honestav,55
Sean Ensign,1
CEAUS,29
Sascha Braemer,36
Master Deep RZA,4
Karol XVII & MB Valence,22
Marius Drescher,20
Dj Oji,9
Cybotron,25
McFadden & Whitehead,41
Husko,17
Mambo Kingz,74
Light Of The World,27
DiscoBoys,44
KC & The Sunshine Band,63
Michael Cretu,31
Alexander Pierce,34
Sammy Deuce,31
Sam Ruffillo,34
Jonk & Spook,31
Marcel de Van,28
Topky,45
Niv Ast,20
D.C. LaRue,15
Maxine Singleton,8
Hatiras,28
SAVAGE-44,31
Menelaos,36
LaMaro,21
Kwestia 07,35
Marcin Kłosowski,35
Limelight Glow,54
Szumek,41
Baltimora,54
Mflex Sounds,27
Patty Ryan,37
Sean Paul,79
Lilithzplug,58
Blue Wave,27
Hard Drive Library,15
Fair Play,21
G.j. Lunghi,5
Mirage & Yoko,27
MUERTE,34
SISTO,25
NotLö,21
ilo 7araga,65
Feather,55
Eugene Lopin,56
Kliptic,27
Chef Boyarbeatz,24
ARYZE,11
Emorfik,32
DVEIGHT,16
ALLTALE,11
Hypho,26
GAWM,25
Codd Dubz,24
Kozmoz,27
Dino Shadix,17
Loompaskettee,21
Carrie Cimma,16
Blurrd Vzn,26
The Regents,22
AlienPark,26
BeutNoise,18
ddddeeeellllaaa,26
Nimda,28
yokedbyGod,11
Ghetto Priest,21
Lost Wolves,18
Lone Ark,23
Kodama Boy,41
Hugh Skinner,49
RAZR,14
Visages,36
AKVMA,13
HURTBOX,28
Dalek One,11
MYTHM,27
dreamr.,32
NOTSOBAD,53
Arem Ozguc,58
Yonetro,27
Pimp Chic!,35
Krmoni,46
NEEDY GIRL OVERDOSE,47
STRANGE ROVER,23
WildVibes,34
Time To Talk,37
KEAN DYSSO,46
Urbøi,40
Fells,33
Johnning,51
Panuma,43
WYR GEMI,43
Carola,50
Andora,35
hayve,36
Khamsin,35
SRTW,60
電音部,44
Qrion,35
Breaking Beattz,40
elijah woods,63
Logic1000,46
eAeon,45
MILLENNIUM PARADE,42
Duc Duy,34
MEENOI,42
jeonghyeon,41
Ally Hills,28
Caius,46
The Shirelles,50
Galoski,33
Enfant Sauvage,35
Julian Lamadrid,26
Ngyn,42
Florida Georgia Line,72
Inquisitive,39
Elkka,40
Neon Steve,35
E.VAX,42
PAUZA,40
Mr. Mitch,23
Bellorum,27
Space Motion,48
Vossberg,25
Jimmix,35
Sadhu Sensi,29
K-Lone,32
Yvois,11
Thor Rixon,22
Lunice,32
€URO TRA$H,40
Dream Chaos,49
LOUTA,51
Ryan Murgatroyd,28
Sugar Jesus,42
Foxela,22
Schlepp Geist,19
Derun,31
Manuel Darquart,28
GBX,36
Hijazi,43
Alain Goraguer,38
VSN7,28
RYSY,35
Le Boeuf,41
Whitesquare,30
Bendik Giske,25
Anis Karek,33
Volen Sentir,38
Jade Key,27
The Brothers Of Soul,24
U96,45
Jack Kays,49
Bouquet,28
Action/Adventure,27
Fantasy Camp,24
Interplanetary Criminal,57
Summer 2000,38
автостопом по фазе cна,23
Flycatcher,27
I Feel Fine,16
best dad ever,17
The Psychedelic Furs,53
Home Is Where,27
"Hey, Ily",24
Twinkle Park,18
Underaiki,42
heymusou,11
Roy Blair,36
Brooklane,25
biteki,37
pichu,26
Newfound Interest in Connecticut,22
One Hundred Years,21
Ben Quad,35
saturdays at your place,42
Sg Lily,27
Kiryano,28
COLDAH,36
Asian Glow,31
Swagtastic666,23
Jeromes Dream,24
lb66,13
Camp Trash,15
ghosthands,26
Ghouljaboy,34
Disme,55
Tommy Lefroy,45
Katy Kirby,37
Allison Ponthier,46
CoComelon,70
Allison Russell,54
George Harrison,65
Jordan Hart,37
Sunny War,32
Kveld,39
Abby Holliday,35
Sun June,32
Ada Lea,26
Sylvie Vartan,43
Mounika Yadav,40
Maple Glider,37
Tierra Adentro,37
Golden Brown,33
Jakob Samuel,20
Le Ren,25
Cassandra Jenkins,38
Manntra,33
Charlie Grey and Joseph Peach,25
Gerry Rafferty,59
Amistat,52
Gabe Goodman,20
Ivana Selakov,39
The Fisherman’s Friends,43
Bill MacKay,25
Jeon Jin Hee,42
Mia Doi Todd,26
Castle Theater,12
Golden Boy,28
Steely Dan,66
Namond Lumpkin,44
Tea Tairovic,55
Hindarfjäll,31
David Allred,24
Lael Neale,27
Anastasija,36
Bukhu,26
Grace Cummings,34
Devel Sullivan,26
Yaz Williams,21
The Satellite Station,34
John Francis Flynn,28
Jessie Reid,31
Flo Dosh,41
HNTR,20
Željko Joksimović,45
Anatomy Rabbit,52
Matt Wills,34
Japãozin,60
Brisa Star,45
Josué Bom de Faixa,59
John Amplificado,37
Yury Pressão,40
Flaguim Moral,46
Alanzim Coreano,59
Luiz Poderoso Chefão,46
Paulynho Paixão,34
Painel de Controle,30
Renanzin Pressão,46
Manim Vaqueiro,65
Rafael Bota Bota,0
Turma da Pisadinha,38
Collo de Menina,20
Jane Good,53
Lavern,67
Friends & I,49
Mellowdy,47
rayn,55
Sunmoon,49
El Coyote Y Su Banda Tierra Santa,63
Emma Peters,61
Indigo Pool,34
Lonely Night,49
Paco Versailles,47
Lilly Bay,40
Fini,48
Wavey,41
Astrality,58
Chullo,37
Mentissa,55
MUNICH MONSTRS,44
Romain Garcia,47
chien noir,44
Drics,44
Keanler,53
Bjarne Hendrik,45
fwd/slash,50
Paul Sabin,44
Noyade,17
MEZERG,47
P.R2B,31
Harmless Night,42
Gone Gone Beyond,48
Snazzy,47
Werenoi,75
La Zarra,48
Zélie,42
Luna Skylark,30
Ghost Killer Track,52
Obsimo,34
Noé Preszow,47
Yanns,52
Deadly Guns,51
Le classico organisé,50
Tim Olsson,40
Sharon Laloum,33
Luv Resval,56
Magenta Dust,30
French Fuse,43
Morijah,45
Tiscore,52
Korede Bello,49
Graya,46
Camille Timmerman,40
Lujipeka,51
TAXI KEBAB,30
Elh Kmer,41
Mathieu Lamboley,32
Abraham Mateo,65
MC Mazzie,52
Aaron Frazer,63
MC Kaique da VP,39
DJ LA BEAT,49
MC Renatinho Falcão,52
mc jhenny,50
MC Pipokinha,55
AMATERAZU,21
Mallin,40
DJ Teixeira,31
MC Menor JC,33
Anderson Neiff,53
Syon Trio,38
MC Braz,56
DJ PIOR13,24
DJ NpcSize,55
MC VITIN DA DZ7,37
MC Josh,48
GORDÃO DO PC,61
DJ Marcão 019,43
Mc Delux,68
Mc Pepeu,46
Marina Sena,62
DJ Patrick Muniz,46
Ana Castela,80
GR1NGO,22
BAD4ALL,9
Mere Notilde,26
DJ Metralha Original,34
Flammy,26
Ron Everett,16
DJ Jeeh FDC,64
Mc Cyclope,49
DJ Dn o Astro,45
Mc Rennan,50
Mc Paiva ZS,71
Giacomo Turra,39
DJ Seven,26
Mc Bruninho da Praia,48
Strawberry Station,23
Dj Serpinha,51
Uni Deluxe,20
Dj Tk,49
MC Tairon,56
Family Company,28
DJ GRZS,38
DJ JV DO SG,50
Pan!c Pop,20
Dj Scar,49
MACE,64
Iden Kai,26
Palm Trees,35
Vaporwavez,26
Dj Daniel Fernandes,43
Mc Frog,52
DJ Lg do Sf,56
DJ Léo da 17,51
DJ Vilão DS,52
MD Chefe,56
Versiple,16
DJ MENOR DA B,34
Mc Laranjinha,67
DJ Alex BNH,37
DJ Guih Da ZO,56
サクラSAKURA-LEE,26
Gary Bartz,28
DJ Zigão,54
NETO DJ,25
Dj JL O Único,32
IYRE,28
Ango Tamarin,32
Roska,24
dj nh,31
Dj Hugo CS,53
Makito,24
Abelardo Carbono,16
DJ THG,58
Mc Danone,51
Manuel Grandi,26
GS O Rei do Beat,41
DJ TOPO,67
Da Lukas,30
Melody Lake,55
DJ Guina,45
Jupiter & Okwess,19
DJ BOY,67
Luanmer,28
Dj C4,37
Sonavision Deluxe,21
Mc Pw,36
DJ Souza Original,36
Mad Dogz,34
RobClemz,5
MC Torugo,38
Mc Jajau,46
The Deepshakerz,32
DJ Arana,66
BR DA TIJUCA,42
MC GH do 7,69
House of Prayers,37
Dj LD Sheik,15
KI Creighton,26
Dj Bruno Arns SC,27
DJ MAVICC,47
MC BN,54
L a z u l i _ y e l l o w,25
Djay W,57
Paul Jockey,32
Mc Nauan,46
Ed Sheeran,85
Ken@Work,29
Dj GM,70
Simon Kidzoo,25
Dj Bruninho Pzs,54
MC Igão,42
DJ Cayoo,56
Mc Branquinha,34
DJ Yuri Chagas,42
DJ Sammer,68
Mc Topre,55
Green Jelly,32
The Chameleons,39
Lenny Fontana,24
Ducks Ltd.,40
Floatie,18
Sponge Cola,54
Ryan Pollie,7
Poison Ruïn,23
Tribe Friday,22
Golden Smirk,35
dummy Amade,13
Bootlicker,30
Sun Junkies,14
The Belair Lip Bombs,28
The Golden Dregs,14
Adam Newling,29
cutters,23
Tee Vee Repairmann,19
Babehoven,35
Virginia Wing,7
The Drin,14
Our Promise,43
Sharktank,40
Dj T.H.,34
sparr00w,17
Jay Jiggy,46
1099,68
Marie Bothmer,33
ilyproxy,32
Danger Mouse,60
Rundfunk-Sinfonieorchester Berlin,38
Sumpa,35
Laura Lee & the Jettes,8
Christian Falk,21
DISSY,34
Mantu Chhuria,45
George Henrique & Rodrigo,66
HeXer,41
Fabian Wegerer,48
Pentastone,26
Peter Schilling,57
Mason Family,16
Gianni Suave,36
ToTheMoon,31
L7NNON,73
SAIM x CAN,38
KASIMIR1441,50
Necronomicon,7
Mc Lzyn,47
Bonded By Blood,19
Atype,29
Ocboyblau,45
OG LOCKE,52
BANGWHITE,50
Faroon,58
Die Prinzen,53
Lil Shrimp,34
Belah,41
Easykid,67
Artemas,81
Maeckes,40
Soufian,59
Estikay,40
Pajel,54
Martin Stadtfeld,45
Volker Bertelmann,44
Dapayk solo,23
Franzi Harmsen,34
viko63,41
Bilbo Braggins,17
Eden Music,29
Michael Schenker Group,40
Moritz Moszkowski,35
Letters Sent Home,25
Team Scheisse,43
Sophia Anne Caruso,51
Tmsoft’s White Noise Sleep Sounds,52
STANOVSKY,29
Sharaktah,40
Deetox Vengeance,27
MTM DonDon,36
Duzoe,38
lityway,45
Rage Against The Machine,69
Chima Ede,27
Julita,32
Motorjesus,25
Eli Preiss,44
Iriepathie,29
Florentina,52
KDM Shey,34
Haiyti,44
SkinnyJewlz,37
MTM Isaiah,40
Jessé Aguiar,59
Wingy Danejah,23
ALIA LARA,40
Shirlvin Desir,31
Alexis Kim,46
Dawkins & Dawkins,23
Judith Christie McAllister,27
Ted & Sheri,25
Sued Silva,45
1Timothy,34
Rafael Silva,32
Bruna Olly,43
The Brown Boyz,8
Ks Bloom,38
The Primitive Quartet,29
Musumba,12
Lucinda Moore,10
Canções Para Curar,29
Vitória Souza,44
Reblah,29
Lazarus!,37
No Tribe,23
Fabiana Sinfrônio,43
Helena Albernaz,32
Dorcas Kaja,22
mayaprod,8
The Louvin Brothers,31
Thamarai,46
Japhia Life,11
Annalynn,20
Kamal A La Prod,33
Y Shadey,46
Jehovah Shalom Acapella,30
Daniel Mwanza,24
DJ Moisés,29
Rap Tist,17
DJ Matheus Lazaretti,38
Régis Danese,49
Martha Munizzi,31
Rickz Romanz,10
Alabanza Musical,40
Rabbi le Prince,20
Suellen Brum,34
Paola Carla,29
Cristina Mel,40
678NATH,28
Mark Asari,27
Celeste Fazulu,34
Ana Heloysa,34
Joe Beecham,18
Collistar,16
Diego Karter,36
Rehema Simfukwe,26
namesbliss,35
Michael P. Boone,10
Emmanuel Musongo,32
Fredy Miller,41
Walter Chilambo,19
Jonathan Munghongwa,28
Valium Aggelein,31
Mark Sinnis,8
DECEITS,32
Mortemia,38
Mystigma,2
Shamrain,35
Vampyrean,5
16 Horsepower,34
Ashes Fallen,6
Pageant Girls,2
Mekong Delta,12
The Necromancers Union,2
BLUDHOOD,1
SILENT FLAG,4
llawgne,8
Willow scarlet,1
BF/C,9
Same Eyes,30
Club Sinister,0
Joecephus And The George Jonestown Massacre,10
The Lurking Fear,5
All The Wasted Years,14
NoMotion,0
A Cloud of Ravens,6
Broken Nails,6
Vazum,7
Genghis Tron,19
Mangled Carpenter,4
Socioclast,0
Rogér Fakhr,40
Douaa,24
Zohra,26
Najib Alhoush,26
Afrique,20
Dark Colors,30
Monika Stunner,34
Salah Ragab,18
Ibrahim Hesnawi,23
Magnetic Storm,1
Stella Chiweshe,18
Sharapov,30
Munir Khauli,6
Chris Robleda,1
Niclas Knudsen Trio,32
Márcia Sanz,5
Colibrí Acústico,21
Finlep,38
Serena Mendes,24
Las Tres Abejas,24
Silvertre Pinedo,26
R.B James,40
Helena Timmers,26
Felix Trapp,3
Gwen Stefani,71
BeAlicia,15
Rotem Sivan,27
Tyler Terrance,2
Brian Brohn,15
Ryohei Shimoyama,32
Moon Guitar,13
Mauricio Hernandez Monterrubio,28
Mason Lindahl,16
Marco de Hollander,27
Fathomsong,10
Elum Vance,2
Alain Levet,4
Regina Costa,26
Chico Getz,18
Salcao,3
Donata Antoni,13
Matthias Trapp,40
Weather Club,21
Emanuel Nord,3
Paper Ocean,32
Meg Stiles,2
Sylvia Warren,12
Jennifer Pérez,8
Zeca Barreto,0
Alyas,28
Carlo Palmieri,2
Tostia,0
Albert Kraus,10
Sound Therapist,14
The Howard Roberts Quartet,34
The Dust Coda,26
The Georgia Thunderbolts,30
Osukaru,21
Smith/Kotzen,25
Vincent Neil Emerson,43
Axty,34
Classless Act,18
Victory Worship,53
The Quireboys,33
HolyName,31
The L.A. Maybe,11
Gin Annie,21
Surf Curse,66
Faster Pussycat,39
Temple Balls,22
Part Chimp,13
Ricky Warwick,20
Black Spiders,16
Black Water Rising,21
Robin McAuley,20
ToxicRose,13
Styles & Breeze,41
Gold Necklace,32
Thirdface,16
Bronze Nazareth,35
Group Home,38
Tears For Fears,73
Bodybox,32
Ends Of Sanity,29
Hysta,41
Gravediggaz,36
Deep Sleep Remedy,46
Zao,31
Lower Definition,25
Ideation,15
Gates to Hell,33
DJ Sim,29
Belvedere,29
Driller Killer,27
Brighter Than a Thousand Suns,13
To Kill Achilles,25
Age of Apocalypse,16
Restrained,39
Cold As Life,23
Earth Groans,21
Nightshift,30
Soft Cell,63
Satirized,40
JIVEBOMB,25
Times of Desperation,15
Tears Of Fury,25
Erase Them,16
Slant 6,26
fromjoy,26
September Mourning,32
D-Fence,46
The Motordogs,21
Mouth for War,25
Trespassed,38
For Your Health,15
Extinguish,28
Reserate,8
Planet Asia,41
Amygdala,45
Adrienne Cowan,28
Chaotic Brotherz,25
Stand Still,24
Never Ending Game,28
Field of Flames,17
REPEAT OFFENDER,10
D-Block Europe,75
Feeding Upon,10
Pummel,5
Sonic Dragolgo,15
Jomarijan,42
Dionysus,42
Octatonez,29
PEPPARKAKOR,33
Hardstyle Germany,38
K3MP3R,33
MAKAVELI MOTIVATION,44
Yotoraowo,10
Icykiddo,38
Jonski,18
Dom Livez,36
Arexzy,13
51pegasus50,10
k0$h,25
The Frequency Shifters,49
MBWAV,11
Ephoric,23
A-RIZE,26
g3ox_em,57
Nick Novity,18
Special Krew,30
HockeyLoverz,26
Tatsunoshin,39
Obzesion,36
Break of Dawn,19
Kenai,44
Koalaz,15
RAYZEN,36
TRIIIPL3 INC.,46
Valido,24
zyon,31
DSTORTD,7
Alleviate,33
Earsquaker,27
Luxtreme,11
Griever,29
Oxya,17
Mr M & Revelation,38
Strixter,22
Balthazar & JackRock,32
Inpulsa,22
Required,28
Araysen,12
starfall,47
Pxlish Beatz,42
Blademasterz,39
Sonic Flower,5
ScreaMachine,1
千葉紗子,26
Kurnalcool,8
BigXthaPlug,77
Blue Smiley,49
Rx Papi,48
JNR CHOI,48
99zed,56
ZillaKami,65
VTORNIK,47
Lil Toe,46
Mach-Hommy,56
Marlon Craft,55
Planet Giza,49
Hadrian,52
Randy Travis,64
DB.Boutabag,50
mordadsboi,26
Ahmad Anonimis,45
Terry Presume,38
F.HERO,54
reggie,40
South Strip,40
Tornillo,67
KSI,57
Malz Monday,43
Paris Texas,47
Kaleb Mitchell,36
Nemzzz,70
Armand Hammer,42
Free Party,44
Chani Nattan,62
Mike Dimes,57
Sidhu Moose Wala,76
Louie Ray,48
HoneyKomb Brazy,41
Tobe Nwigwe,49
Damien Styles,35
Big Metra,43
Shubh,75
3xbravo,31
Cean Jr.,57
Wiki,41
Parry Gripp,58
Ragz Originale,40
Sandro Malandro,56
Cameron Azi,35
Powers Pleasant,49
Noble Esquivel,40
Kevin Flum,37
The Homies,31
Nia Archives,58
Bankroll Freddie,39
Nascent,44
Wandering River,53
Tommy Cash,49
Raffa Fl,51
Lipless,45
Qlank,32
Shermanology,54
Piero Pirupa,44
CARSTN,51
Sofia Kourtesis,47
Kamo Mphela,48
Zafrir,51
Miane,32
Daniel Santoro,50
Keys & Copper,45
Ewan McVicar,48
Francis Mercier,58
Toby Rose,56
Isenberg,33
Crystal Rock,57
Sándor Berki,35
Jay Faded,32
gum.mp3,37
Soul to Speak,35
Luxe Agoris,37
Juan Luis Guerra 4.40,74
BLVCK CROWZ,43
CIOZ,37
ØGM,35
22Bullets,39
VIBIE,59
WORMONO,39
KSW,52
Silent Ocean,49
joyvegas,1
Rishabh,35
Jammy Weirdo,42
Poorvesh Dave,34
Ishpreet Singh,31
Swattrex,48
Mooney Tunes,16
Jay Kava,41
Sanjay S Yadav,35
Lofiwaala,34
Coffeekids,3
Jitz jz,19
Lofi Night Drives,32
Addy Nagar,48
Shubham Chaurey King,0
Anirudh Sharma,26
Baal HaSulam,22
Rebel 7,34
Manas Roy,24
Shashk Tiwari,35
The Non Violinist Project,26
Sanish Nair,0
Anyasa,30
Weird Sounding Dude,18
Aryan Sharma,0
Rawal,39
Pranish VP,39
Shubham Kabra,24
Dev Bhawsar,17
Axonn,21
Happy Pills,35
Harshal Rajput,36
Christina Shakum,15
Sagar Verma,8
BBC Symphony Orchestra,54
Raj Ranjodh,64
Aaryan Tiwari,8
Madhuthva Music,8
Ketan Mohite,12
Dikshant,51
Rajan & Sajan Mishra,18
Trivium,59
Alptam,8
Your Sweetest Memories,12
SangeetKir,33
Sheil Sagar,7
InternalEye,23
Meewakching,26
The Trance Effect,16
Kshitiz Lama,0
Rachel Singh,1
Sharryy Beats,13
Pratzapp,3
Shoreline Mafia,69
Jaigo Gill,24
Anshuman Sharma,31
AMY BURAGOHAIN,3
Shady Mellow,31
P-THADOI,2
Sanam Malik,13
Sky 38,14
Amogh Agarwal,6
Kahanikaar,18
ACHINX,22
Neyhal,19
Yashashhri Joshi,0
DeeKing,17
Komorebi,35
Asha Sapera,18
Avik Ganguly,3
KHAKIEE,7
Arjan Singh,5
Lateralis,31
Akshit Dhall,2
Clifr,21
Abhinav Sharma,0
VAKSH,16
late night drive home,51
Lovejoy,56
mazie,54
Memo Boy,54
Joel De La P,71
Harriette,38
Crawlers,43
KiNG MALA,49
Baby Bugs,47
Ryan Woods,34
Unusual Demont,41
Sipper,40
Runnner,38
Tiffany Tatreau,45
girlhouse,34
Genevieve Stokes,48
Motel 7,24
Jenna Doe,30
Forrest Nolan,38
Paravi,40
James Marriott,51
Dora Jar,42
Naethan Apollo,53
Sophie Holohan,39
Devon Again,35
Maya Delilah,42
poutyface,38
Judah & the Lion,57
boylife,31
Etta Marcus,39
Odie Leigh,42
Big K.R.I.T.,54
Parannoul,39
Eli Derby,30
JVCK JAMES,41
Chemlab,27
cEvin Key,12
Imperative Reaction,21
Element Eighty,37
Embrionyc,9
Teen Suicide,50
Noise Unit,15
genCAB,10
Professional Murder Music,21
DARGZ,55
Michiel Borstlap,43
Mark Roswell Trio,38
Franklin Trio,28
Louk,47
Mindeliq,44
The Last Outlanders,0
Rudy Raw,41
LESKY,45
South North,36
Move 78,36
Mandy Moore,62
M e a d o w,40
Steve Devon,33
Vincent Hall Trio,23
Coal Diamond Trio,25
Portraits in Jazz,35
The David Roy Collective,37
Gianni Brezzo,39
Andy Miller Group,36
LaSalle Street Trio,40
The Central Park North,39
The Headliner Trio,35
Mr Mantega,31
Turtleneck Trio,22
Aurelius Markus Trio,23
MF Eistee,36
Tabitha,52
Matt Carmichael,31
Smeeagain,40
SP-Mato,33
Iassu,38
sloh rou,43
Sam Cross,39
Dominick Farinacci,37
Jakspin,20
Oaty.,42
KaspaHauser,40
Acker Bilk,40
Carlton Maison Quartet,35
Alex Decante,23
lorleaf,43
Terce S.,23
Guzimi,43
Oslo,36
JAY VANILLA,35
Peter Calandra,20
Damn Homies,40
Platinum Dust,37
damaa.beats,40
Lia Riggs Trio,38
DYVN,43
Grmmr.126,40
Thomas Agergaard,25
John Rae,24
Komorebi,35
SAIKO,78
halfpastseven,37
Chancla,36
Fed Nance,40
Claudia Torrek,14
Hoffy Beats,52
Charlie Regan Three,37
Hans Hu$tle,38
SGJAZZ,34
Emmet Cohen,28
IAMPAUL,17
RejSende,44
Vince Glen,19
The Bob Davis Group,34
Moreno Jazz Band,27
South On South Jazz Trio,13
Jerry Bergonzi,33
Bear Garden,25
dsntf,1
James Deano,37
Pixie Dust,30
daniel hayn,29
Dina Ögon,46
Rebornn.,21
FakeHunters,12
Johan Lindvall Trio,16
New Cool Collective,29
Dave Holland,36
Cesare Picco,25
Otis Sandsjö,24
Aurora Dee Raynes,15
Myríad,43
Chris Memento,34
Jazz In The Kitchen,25
Carrie Carlton Quartet,14
Ramsey Road,36
Kenny Garrett,32
Willowdale,34
Soul Legend,42
Jazz Brunch,32
Hans Ulrik,37
Daniel García Trio,21
Charles Spearin,15
Obie Hans,22
Bequem,44
Funky Notes,32
The Andrews Sisters,53
Jazz For Baking,28
Duan Wasi,32
Tompall & The Glaser Brothers,27
The Schola Cantorum of St. John XXIII Parish,37
Evelyn Huber,17
Jtwig,19
Aigua,15
JJ Sansaverino,29
Lazlow,44
David Finck,24
More than Jazz,44
Telemakus,30
DESH,60
Hederosgruppen,18
Kevin Hays,27
Amanda Whiting,30
Brandee Younger,36
RLLBTS,25
Ebk Madmaxx,36
Papi Churro,33
Myele Manzanza,25
Toshiko Akiyoshi,25
Natasha Ghosh,39
Apifera,20
Soul Supreme,30
STR4TA,25
Midan,39
High Pulp,19
ONO1,37
Alex Riel,23
SYNC.EXE,32
58918012,21
Kaidi Tatham,34
Ganzo,34
Soundscape UK,13
Upbeat Kitchen Jazz,30
Gretchen Parlato,32
Lamar Azul,46
Mindscape,43
Lorez Alexandria,44
Mangabey,25
Carla Anderson,38
Andy Goodman,39
corto.alto,34
LISA,68
Bon Iver,73
Guns N' Roses,78
HyunA&DAWN,38
Hoshie Star,57
JO YURI,49
Xdinary Heroes,58
WayV-TEN&YANGYANG,32
Billlie,48
Lee Mujin,52
Lexsil,34
KIMMUSEUM,41
WJSN THE BLACK,26
KWON EUNBI,44
Marzz,34
PIXY,35
OMEGA X,41
Lim Young Woong,61
TRI.BE,49
Girls Planet 999,30
GyeongseoYeji,32
Justin Bieber,87
LIGHTSUM,34
Minako Honda,34
We The Kingdom,59
EPEX,43
Ciipher,26
H.I.N.P (Hot Issue of Ntl. Producers),35
Big Mama Thornton,42
JEONG HYO BEAN,28
TeenageGirls,20
Until I Wake,48
Sinizter,47
ELFENSJóN,34
QUEEN KONA,18
Midnight Skies,14
Fayne,11
Prescription Happiness,11
Sergio Luis Rodríguez,48
The Weight of Silence,25
Times Of Grace,33
Silvercord,14
Sunfall,21
Kids In Glass Houses,29
Feels Like Home,11
Deficit,21
Prompts,21
Defocus,29
Thay Champasak,5
Alfonso Forte,1
Dettinger,21
Kraftbrenner,1
Prosdo,0
Feyser,9
Richard Souther,28
Marcus Loeber,21
Michael Gettel,31
Carl Zeller,14
Alberto Erede,21
Lamberto Gardelli,36
Francesco Molinari-Pradelli,32
Olga Peretyatko,23
Nicola Rescigno,37
Metropolitan Opera Orchestra,43
Lori Lewis,4
Carlo Agostino Badia,0
My Last Eclipse,0
Antoine Di Luzio,49
Die Sacknähte,24
Tommy Tellerlift,16
Matusa,17
Der faule Gaul,13
honkish,47
Rebecca Woods,42
James Quinn,50
Miriam Raye,41
Valentina Romano,46
Marinella Necchi,23
Frode Gjermundsen,30
Jacques Blanc,39
Andrea Binotto,12
Vanja Lind,15
Alfred Janders,41
Bjarni Erlingursson,35
Ima Rayner,39
Parker Zion,50
Brian Lyndon,34
Dawn Well,31
Hazel Adams,34
Esther Dutch,27
Gunnel Boek,47
Cassandra Nestico,45
Genevieve Melton,34
Freya Rääf,34
Marlon Guild,42
Lorenzo Fiore,51
Sanna Aalto,46
Ellie-May Robertson,36
Maru Gomes,39
Kiara Leonard,49
Lotus Laverne,38
Lydia Barnes,36
Elfrieda,44
Lavendle,36
Lupe Sinsonte,34
Sunday Night Piano Club,31
Sasja Lekko,36
Keiko Ishida,31
Cyril Mathews,18
Stephanie Middleton,36
Eve Dennison,33
Abelin Lagarde,45
Emilia Branco,38
Elise Lindahl,27
Anderson Rivers,19
Ledetraad,43
Alvize Fantacone,25
Teide,43
Eu Nice,36
Luisa Amogida,17
Paco Ruiz,25
Magic Piano Covers,50
Sophie Reubke,18
Volker Anderson,35
Odette Montano,23
Luna Bauer,43
Solène Garnier,19
Grace Valiery,23
Mirta da Silva,42
Valérie Beaumont,33
Filip Klein,8
Franz Ewer,38
Gioia Moreschi,25
Lara Di Umbra,37
Sorrel Hauer,18
Selma India,21
Jake Eaw,43
Elsa Moon,46
Clémentine Poirier,11
Nadia Oak,21
Pathway Piano,40
Lílian Pinto,24
Drowsy Teddy,36
Thad Caoimhe,18
Kalen Elmsley,24
Alma Klein,25
Celine Hayes,36
Ava Decker,23
Tristen Longfellow,13
Bodor Vencel,29
Daníel Fannar,8
Anoire,26
Jozef De Schutter,50
Debra Goulet,12
Évariste Lacroix,21
Lilly Eaton,31
Little Piano Player,38
Gael Motif,23
Gail Bastien,13
Michèle Lefurgey,21
Verney Pépin,12
April Baxter,41
Justine Nova,30
Rein Ilves,20
Idun Vinter,23
Eddie Jenkins,37
Hazel Dumoulin,13
Lander Jacobson,11
Phoebe Waits,26
Niels Wang,25
Anne Vallayer,31
Matthew Paull,33
Tranquility Piano,41
Tiphaine Calvet,23
Allister Romans,4
Felice Manzi,32
Lyle Shattler,15
Izzy Rubin,5
Billy Lipnick,8
Marcia Barlow,11
Finley Rhone,31
Mark Millson,25
Piano Genie,33
Flemming Hoovgard,19
Eric Ville de Soins,39
Juergen Steltzer,16
Torsten Hugo,8
Alexander Luchs,9
Sabine Reiniger,9
Lucile Garett,20
The Sleep Diaries,31
Leddei,31
Ambrosi Lozano,11
Dillon Nilsson,2
Havvind,4
Rusyav,16
Lillia Nava,4
Henry Camelot,17
Poppie Swag,24
Dakota Fields,13
Austen Pugh,3
Chloé Czans,31
Thalia Havenstein,29
Sara Hoffman,38
Abundant Life Piano,28
Mark Pike,13
Suzana Tomić,5
R Eugene,27
De Gruy,25
Lauren Hawley,6
Josephine Scwartz,8
Anime Piano Dreamers,32
Brielle De Villiers,29
Jone Lange,4
Quiet Gaze,32
Quinn Richman,14
Linn Hope,43
Supertramp,68
Ina Lawson,41
Léa Corbelin,24
Leonardo Holmes,29
Anthony Sullivan,10
Walter Sinton & Margaret Gardiner (Xylophone & Piano),0
Pharozen,46
Theodore Tompkins,13
Shel Alyse,2
Riks Vollis,16
Josefine Götestam,63
Lennon McKenna,37
Sonja Elliott,35
Jngeis,14
Bethany Howell,8
Pauline Blanchet,4
Jean Larousse,7
Guthfrith Mason,24
The Harp and the Piano,28
Felix Samuel,56
Nicky Youre,67
Carolina Gaitán - La Gaita,54
Charity Gayle,59
Macklemore & Ryan Lewis,71
Amaarae,64
Benson Boone,85
Chloe Adams,55
vaultboy,58
Gigi D'Agostino,69
Bella Poarch,61
Jenna Raine,53
Cico P,42
Matisse,63
Wacotron,55
Zach Hood,57
lagostaah,53
Jessie Murph,71
Nic D,66
Tokischa,73
Capella Grey,52
sammy rash,55
Dream Supplier,77
Scarlett Johansson,54
Jessi Uribe,64
EMELINE,57
charlieonnafriday,61
St. Lundi,49
JESSIA,50
The Astronomers,48
Rachel Grae,57
Jake Wesley Rogers,35
RealestK,58
Rosie Darling,52
Lilyisthatyou,50
Caleb Hearn,62
Joeboy,62
Joshua Bassett,57
Rare Americans,53
Rochy RD,61
Payton Howard,44
Suriel Hess,53
Shaboozey,80
Sanjay Leela Bhansali,62
Uttam Singh,55
Pop Shalini,49
Mahendra Kapoor,48
The Methadones,15
Dan Markell,11
Wondermints,3
Last Radio Days,0
Too Much Joy,10
Sonic Dolls,0
Elevven,27
Artche,33
Young Adz,55
Female Species,23
Hot Garbage,21
Los Teke Teke,32
Bongzilla,29
Paul Jacobs,12
ACID MOTHERS TEMPLE,16
The Mystic Tide,10
Les Rallizes Dénudés,25
Mengers,15
Loveless,55
Magnolia Park,51
UNWELL,34
feeble little horse,44
Beauty School Dropout,45
girlfriends,43
The Hellp,37
Matt Copley,32
Victory Kid,18
Aim High,24
Folly Group,33
Five AM,22
Webbed Wing,31
SadSvit,52
Nova Twins,50
No Love For The Middle Child,34
Misplaced,20
408,45
Benjamin Gustafsson,42
Pardoner,24
LEATHERS,23
Awesome Snakes,18
La Texana,40
Sexual Purity,27
S.I.A.T Stuck in a Tree,40
Alex Melton,41
Haunt Me,33
Fluorescents,30
Hotline TNT,33
The Feelgood McLouds,26
ULTRA SUNN,45
Taqbir,23
Male Tears,32
Nuovo Testamento,29
Wienners,28
Bob Vylan,44
Snõõper,32
Mujeres Podridas,17
Diode,24
Famous Dex,55
Dead Bundy,21
Улица Восток,37
Zdob si Zdub,36
Bush Tetras,22
LustSickPuppy,37
Spread Joy,17
Zanias,28
fairy star dolls,0
English Teacher,44
dazy,66
Take The Name,32
Lil Darkie,67
Sad Novelist,35
Za Ninngenn,32
Потомучто,23
AIRFLIP,19
The Death Set,30
Štěpán Soukup,23
Making April,15
CHERYM,17
The Hellacopters,45
POLYSICS,30
KID DAD,10
Children Collide,29
King Stingray,37
Ігор Кайдаш,32
DYGL,28
Plebe Rude,39
Wet Leg,56
DICE,44
Los Angeles Negros,60
Feuerschwanz,52
Passafire,46
cosMo@Bousou-P,44
Hitorie,46
Kadebostany,48
Wild Pink,28
Blackjack Billy,38
The Human League,60
Gloria Estefan,61
Bad Sounds,37
[Alexandros],55
Johnny & The Hurricanes,31
Little Willie John,34
The Maharajas,20
Frankie Ford,24
The Flaming Sideburns,25
Wynona Carr,29
Les Missiles,4
Frank Ifield,31
джаз-оркестр Александра Цфасмана,5
Вероника Борисенко,0
Evgenija Shevchenko,0
Los Del Limit,57
BoyWithUke,71
Cl4pers,49
Conjunto Rienda Real,60
Erick B,39
Polo Gonzalez,64
Los Lara,53
ZOID LAND,38
Dybbukk Covers,60
Amigos De La Cuadra,38
Jesus Dimas,38
Arden Jones,54
Austin George,47
Connor Kauffman,53
Ivan Orozco,48
Giovanni Y Su Equipo Escoltado,35
Calle 24,73
Officialalex425,58
Angel Perez,39
Shae OT,14
Los de FL,31
Xavi,80
Buppy.,34
Jay Roxxx,40
Clave 210,18
Chini,38
Tomzenin,14
Alberto H,25
Los Aptos,46
sauvignontrash,26
Ulises Cárdenas,14
Dariell Cano,33
iZthoN,39
Itzel Vida,17
purplewrath,19
LukeTrepp,13
Huracan Beats,11
Lofi Temptation,28
Fi-Lo HopHip,40
LONEGANG,10
Diamante Perez,12
Mickey Taveras,53
Camilo Azuquita,25
Orquesta La Fuga,13
Roberto Torres,38
Dennys Enrique,6
Edwin Clemente,6
Toñito Leon,8
Steven Damian,8
Angel Huellas,24
Orquesta La Palabra,39
Elio Revé Y Su Charangón,27
Jandry Gaby,13
Jesus Pagan y su Orquesta,1
OK Charlie,15
Kerubin,9
Noemi Prado,9
Mario Ortiz All Star Band,4
Wito Rodriguez,5
RAFFA GUIDO,53
Joser Fyu,22
Old Sambalpuri,27
Bijay Anand Sahu,45
Dom Salvador & Abolição,30
Archana Padhi,42
Beija Flor de Nilópolis,24
Clementina De Jesus,38
Ana Mazzotti,36
Tularam Kalet,8
Padhan Music,25
4 Goles de Samba,23
Hyldon,34
Kumar Bapi,35
Quinho do Salgueiro,10
Trilochan Sabar,14
LigaRJ,22
Ankit Raaj,17
Tom Tedesco / Karl Berger / Jack DeSalvo / Anthony Cox,0
Família Macabu,23
Jitendra Haripal,0
Berço Do Samba De São Mateus,2
Dj Liku & Dj Rocky,14
Wantuir,20
Baiano E Os Novos Caetanos,23
Moraes Moreira,36
Luan Pereira,76
Pedro Libe,39
Dj Chris No Beat,61
US Agroboy,60
Igor & Walace,35
Iridio E Irineu,21
Fred & Fabrício,61
Ciro Netto e Manuel,19
Augusto & Atílio,39
Alan e Aladim,45
Adriano Rhod,54
Marcos Antônio,48
Denner e Douglas,10
Hugo e Heitor,20
Os Levitas,35
Alexandre Peixe,27
Andrew Garfield,48
Emily Rohm,49
Chaz Duffy,45
Barlow & Bear,44
Alexandra Shipp,44
Lillian Castillo,47
Jacob Richmond,40
James Marsden,41
Sarah Charles Lewis,28
Tamsin Carroll,31
David Shiner,23
Dominik Hees,11
Hilton McRae,33
Wietske van Tongeren,16
Andrea Mahó,7
Ensemble der vereinigten Bühnen Wien,17
PJ Harding,47
Berliner Philharmoniker,69
Alex Warren,70
Gabby Sophia,31
Justus Bennetts,45
Camylio,55
Abby Cates,37
Thomas Day,50
Zevia,46
Matt Hansen,67
Peggy Gou,68
Matty Reynolds,29
Chris Andrian Yang,38
Kate Gill,32
Rasmus Hagen,42
Haley Joelle,48
jenny nuo,23
Niko Rubio,25
nobody likes you pat,40
Jake Cornell,43
Lauren Weintraub,37
Barrie-James,31
Madeline The Person,45
Ashley Singh,44
alybob,18
Isabel Pless,26
Bertie Newman,34
Jeffrey Lenh,16
Angela Ken,47
Brad Heidi,21
Carol Ades,35
Ande Estrella,14
Oliver Wood,18
Berkay Altunyay,53
Sophie Chen,43
Mai Kuraki,49
Maz Lovella,17
大滝詠一,43
Cece Coakley,30
Declan O'Rourke,25
Kyle Raphael,39
Shakira Jasmine,39
Grace Victoria,13
Naya Yeira,13
noui,24
Mia Giovina,13
李佳歡,29
SIVIA,35
Birkir Blær,24
Rachael Jenkins,24
Takao Kisugi,42
Lizzie Reid,20
Áine Deane,28
Shye,34
Katherine Priddy,30
Jude Chiu,35
Lang Lee,20
Rosie Doonan,21
Woo Ye Rin,25
Angelo Garcia,27
INA ROSE,23
Rama Davis,20
Pink Frog,22
Spencer Burton,16
The Guilty Parties,1
Operation Ivy,46
Peps Persson,33
DFL,20
Deviates,24
Avail Hollywood,29
Melodycans,25
Bad Astronaut,20
Eva Rydberg,19
King Hammond,8
The Taj Motel Trio,7
Natural Rhythm,8
Riesgo de Contagio,20
Goy Karamelo,9
La Familia Torelli,23
Las kanijas lagartijas,7
The Freecoasters,4
Little Circuits,49
Gaea Antoniou,27
Nova Issue,51
Adeline Verver,20
Polysomni,40
Tairata,33
Oto Roth,32
Carligo,36
Insomnia Curator,15
Boreal Embla,47
Sea of Waves,29
Euloria,39
Cakir Vardar,21
Rebecka Aether,35
Sleepless Eye,33
Sayulita,39
Miesha Berens,37
Sailors Of The 7 Seas,24
Oberohn,46
Modal Colours,24
Invisible Motion,28
Marlowe Coleman,40
Jack Rosslyn,28
Elmer Loyd,15
Wiser Noise,33
Pax Soloman,39
Tora Summer,19
Silver Roses,32
Jirou Soller,33
Einingu,24
Sir Martin Walker,20
Xavier Ortando,43
Doug Blimpstein,25
Claira Mikkelsen,22
Dax Wolf,25
Theatantrical,29
Bedtijd,18
Lugnet före stormen,19
Sami Muni,25
Calming Eyes,38
Jorin Williams,18
Chopade,24
Alpha Vectoriam,51
Phunard,17
Baroque Modernist,35
Old Norse,30
Felix Werner,18
Manolakas,42
Juhani Ahonen,21
Invertivo,22
Tryggve Malmberg,35
Georg Valeks,31
Tormenta Solar,34
Jupiter Breeze,33
Sohn Aelia,40
Sola Vimi,35
Lahasara,20
From Us,26
Vadodara,32
Nile Kaufman,36
Verala Lux,36
Felix Langgard,28
Night Whisperer,14
Caius Biel,22
Spacetactular,24
Aileen Morais,40
Lorelle Paredes,23
Hello Artemisia!,43
Eric Ardouin,26
Universal Frequency,34
Will Carano,27
Serene & Pax,20
Clouded Transparency,18
Cloud Waves,15
Koen Parker,36
So Jao,22
Beautiful Storms,35
Hypertime,7
Sezja,27
Light Garden,24
Maximilian Sievert,44
Stone Martyrs,12
Joan Magana,13
Simeon Oliver,36
De Seu,50
Nadia Bulic,32
From Alfie,23
Anthropological,25
The Sleepy Moon Symphony,24
Sleep Therapist,10
Soundtopia,39
Tiziano Magro,14
nite sky,50
Lost Fables,14
Imber Ora,16
Leo Baumgart,37
Quinn Joshua,31
Rnwy Lites,39
Caelando,12
Turquoise Palms,14
Amor de la luna,14
One Stop,18
Velpo Sonols,40
Letter One,29
Hatha Priya,49
Ocean Mysteries,12
Solene Edgar,17
Explorador Sonico,13
Sleep Sound Hub,8
Sisu Syndrome,30
Roman Roads,26
Jay Belshaw,36
Klaangen,45
Lina Amsler,29
Sanem Finley,12
Alexander Sterling,27
Ljomo,11
Nightweaver,8
Nadia Pugh,20
sleepy planet,63
Mindful Changes,44
Norah Wallentin,35
Molecular Clouds,36
Unwritten Skies,45
Lumi Couri,19
Laila Wollo,33
Emmitt Howard,21
Savannah De Lucia,15
Moomu,12
Doris Melwin,26
Richter Gravitas,39
Sleep Fruits Music,64
Esa Plant,18
Bliss Porter,18
Debyah,35
Mina Donovan,18
Osteriana,12
Dreams And Memories,12
Aurelina Dourado,47
Hector Warrens,39
Úrkoma,15
Leyre Bacque,32
Eryk Kamylla,14
Gerda Holmes,33
Rim-Shaz,9
Uffe Jörgensen,27
Zeb Maessen,28
Dormantia,40
Erratic Peace,7
Løkss,8
Atli Þórirsson,13
Noa Sandberg,6
Gianni Goggia,13
Ka Wadhwa,35
Tascenda,42
Blundetto,46
Syntrophic Spectacles,8
Till Kahn,6
Baimine,21
Amber Twilight,34
Marsupial Habits,8
Adriana Milou,35
Elivvia,17
Local Monocle,4
Gerald Kenneth Turner,18
Rain Fruits Sounds,60
Esin Pierce,6
John Caelo,43
White Noise Baby Sleep Brown Noise,39
Jason Joshua,45
BLK ODYSSY,53
Yaya Bey,57
Cruza,49
Lloyiso,53
Venna,51
Daniel Di Angelo,56
Brijean,43
Joony,54
NΔNO,18
Dee Gatti,37
Flanafi,24
Mallory Merk,20
Fred Moss,14
Musa Keys,57
Debórah Bond,26
Young Stunna,56
Luna Shadows,34
Major Myjah,20
Mas Musiq,48
LANKS,40
La Liga Elite,29
mafalda cardenal,55
Dharmacide,14
Dueto Las Palomas,44
Daniel Melero,41
Adventus,29
Diego Martínez,17
Ley DJ,19
Los Pilotos,13
Pablo Moreno,34
Viuda E Hijas De Roque Enroll,23
Corizonas,16
Reykjavik606,18
Los Puntos del Amor,36
Rousseau,48
Lisasinson,30
Luis Fercán,37
REYLOBO,13
Pablo Martinez,39
Alavedra,22
Mentatranque,53
Andreas Gidlund,37
Rymdpojken,41
Pyotr Ilyich Tchaikovsky,66
Olivia Lobato,46
LBSB,47
Lina Nyberg,22
Amanda Ginsburg,31
Saikz,18
Oscar Ahlgren,27
Esbjörn Svensson Trio,40
Ebende,20
Nekromantix,32
Junie & TheHutFriends,43
Lil Baby,85
Lucidor,14
William Segerdahl,27
Jerry Williams,42
Nineb Youk,51
Mukki,34
Lilla London,20
LOAM,51
Henric Edström,40
Romeo Santos,80
Mohelá,49
Sebbe Hauta,36
V Don,35
The Cardigans,67
Shiro SAGISU,60
Bianca Ingrosso,41
Azure Blue,11
VC Barre,56
Jan Johansen,37
Fredrika Stahl,36
Ellen Bergelin,32
Elfrida Andrée,8
Zero Horizon,11
Carlos Libedinsky,26
Tanghetto,28
Jaska Mäkynen,25
Jorge Valdez,20
VANITAS命死,18
Pysh,21
Third Person,17
Lauren Flax,18
Starkato,18
Frankie Cosmos,54
流星隊/守沢千秋(CV.帆世雄一)、深海奏汰(CV.西山宏太朗)、南雲鉄虎(CV.中島ヨシキ)、高峯翠(CV.渡辺拓海)、仙石忍(CV.新田杏樹),32
Carbonne,65
Ben Dust,27
Ilya Orange,12
Adam Ten,43
Can Durmus,18
Kanako Wada,22
Stephan Zovsky,21
Yukihiro Takahashi,33
Invent Animate,51
Eli Nissan,24
Zach Bryan,88
Binaryh,27
MORSURE,20
Fat Cosmoe,16
Circle of Life,19
Ben Tov,13
High Klassified,43
Lil Yachty,77
Mha Iri,40
Marco Faraone,33
753,29
Opposite Ways,15
Leo Portela,40
KING & QUEEN,30
Carl Haze,10
Justin Cudmore,11
NANCY Live,17
Blicz,18
Marco Shuttle,13
FAKETHIAS,11
Billie The Vision & The Dancers,32
Lonya,18
DNP,27
Avidus,18
Di Rugerio,9
Rivo,62
Bedoes 2115,66
Nene H,19
XiJaro & Pitch,41
Paul Denton,39
Doppenberg,36
Black Rebel Motorcycle Club,49
Ehren Stowers,15
Liam Wilson,23
Hausman,28
Beije,22
Sebastian Sellares,29
Bryn Liedl,15
Nathan Nicholson,56
Dzp,32
Ezequiel Arias,34
Laura van Dam,42
Joy Kitikonti,27
Royce Fisherman,38
Rene Ablaze,30
Billy Gillies,56
Tastexperience,23
Super8 & Tab,42
SpaceKids.,25
NoMosk,27
Konaefiz,31
Adam Nickey,17
Exouler,17
Sub6,24
D72,34
Aimoon,22
Unstable Alf,40
Ilaiyaraaja,66
Anske,15
Faders,32
Manuel Le Saux,18
PIRAMD,20
Jubël,59
Monk & Canatella,2
Michael Warren,36
Jay Filson,27
Leona Naess,27
Schuyler Fisk,24
Shikao Suga,39
Cymande,45
Rachael Lampa,44
PEOPLE 1,54
Plains,36
The Ghost Club,37
Sparklehorse,45
Rhett Miller,24
The Mysterines,39
Chilli Beans.,47
Patricia Wolf,32
Adam Dodson,38
Stilhed,34
Jeremiah Chiu,35
Glåsbird,18
Kettenkarussell,25
Jennifer Loveless,21
tenkay,38
Shuta Hasunuma,28
DJ Python,27
Unusual Cosmic Process,35
aspidistrafly,35
Potlatch,12
Pulse Mandala,29
Sharp Dialect,26
Aarktica,8
Kenneth James Gibson,9
Pruski,7
KLIMENT,19
Woods of Desolation,20
Moonlight Sorcery,24
Aenaon,4
Det eviga leendet,1
Ultra Silvam,7
Krvna,6
Ligfaerd,5
Vananidr,11
Sacrifizer,0
Corpus Christii,6
Lord Belial,23
Jours Pâles,10
Vorga,21
Lifvsleda,14
Gevurah,9
Ancient Mastery,1
The Chasm,14
Sacred Sons,6
Verberis,9
Ritual Death,9
Izthmi,2
Steffen Hissingby,5
In Aphelion,11
Celtic Frost,37
Hellish Prescribe,3
Terrörhammer,9
Los Armadillos de la Sierra,51
Imha Tarikat,6
Warkvlt,0
Malthusian Lazers,6
Ignis Noctem,7
Cremation Lily,15
Desolate Shrine,3
The Edgar Winter Group,42
Trudy Lynn,15
The Orlons,30
Ernie K-Doe,24
Blue Moon Marquee,15
Steamhammer,22
The Cookies,17
Larry McCray,15
Barbara George,17
Angela Strehli,24
Baaba Maal,43
Chris Kramer,18
Manele Mentolate,58
Bywater Call,24
Johnny Thunders,31
Kat Riggins,7
Skool Of Thought,31
icey wavs,32
Cirus,13
Hardknox,19
Beber & Tamra,0
DJ Fluke,52
Collard,40
Sabrina Cheung 張蔓莎,31
Cloud 雲浩影,41
Prinz,55
DJ MENOR KD7,4
LAYA,33
Elton Baptiste,38
Raspo,45
Atlantis Dove,27
Daniel Caesar,79
black balloons,38
TURQUOISEDEATH,32
Mookigang,40
Adieu Aru,40
blottter,26
boy 2000,36
Makzo,38
SKY-HI,50
juhye,31
Ezzy,35
Discovery Zone,35
JazzyCal,38
David Cutter Music,32
LOMAJI,34
GenriX,57
Tom Kalani,10
Aphrodiciaq,32
dracodraco,36
Sivarni,26
PRGMAT,36
Nazaha,27
Josiah Mitchell,6
Windowshopping,25
Dokkodo Sounds,27
Goloise,23
mndbd,25
Albatrauss,24
Andrea Chahayed,30
IYAMAH,39
Shingo Sekiguchi,31
Ftlframe,40
La Adictiva,71
lovesick by choice,21
hxly xo,41
DavZ,27
Jamieboy,27
Lofuu,43
Tophat Panda,39
Galavant Cross,34
Eden FM,34
daine,32
Star Trash,28
Ambient Solle,31
TOOL,69
Haley Smalls,33
Sofasound,28
Deathbrain,38
Tupperwave,32
Andreas Dalvik,32
EMERLD,31
Mo Anando,26
Mode$t0 Beats,26
FlowerBoyDeMii,37
Olivia Dyer,31
logan finneas,14
Ocean Beats,19
Sigvaldi Kaldalóns,46
Konstantia Gourzi,35
Luke Gajdus,25
Karol Szymanowski,35
Mieczysław Weinberg,28
Louis Vierne,23
George Walker,16
Melaine Dalibert,19
William Thomson,24
Sean Shibe,33
Stimming x Lambert,26
Mário Laginha,20
Raffaele Grimaldi,18
John Metcalfe,49
Seoul Philharmonic Orchestra,25
Peter Warlock,41
Christian Forshaw,26
Stefan Wolpe,6
Safety Trance,40
More Eaze,17
Yenmania,20
Valentina Magaletti,26
Atta Ullah Khan Esakhelvi,41
DJH,18
Debit,9
Souldz,19
Lila Tirando a Violeta,17
Ayesha Erotica,68
Xota,12
Dane Cook,22
Earthquake Lights,40
Matt Pavich,24
Peter Cook,10
Frank Bentley,35
Katie Hannigan,2
Michael Palascak,9
Lil Mosquito Disease,9
Bill Bellamy,15
Brandon Vestal,11
Bengt Washburn,9
Miles Jupp,15
Nick Arnette,3
Dan St. Paul,5
Neko White,2
Jono Zalay,8
Jeff Scheen,3
Katrina Davis,2
Cory Mack,2
Zoe Brownstone,1
Rebecca Corry,5
Ryan Leo Williams,13
Ashley Austin Morris,2
Timmy Sherrill,2
Victor Varnado,1
Lauren Alex Hooper,2
Sara Hennessey,2
Cocoa Brown,0
Graham Kay,2
Kendra Cunningham,4
Tyler Hubbard,64
Scott Stevens,26
Casey Barnes,41
Dusty Black,33
Kasey Tyndall,32
Sykamore,17
The Roads Below,28
The Kiffness,52
Ian Asher,63
Lucky Twice,47
Owen Norton,41
Bob Marley & The Wailers,80
Franky Wah,48
Prezioso,65
Three 6 Mafia,61
Sevad,16
JayBlem,25
Alex Gileon,0
RajahWild,50
Knaxx,25
Topmann,24
Tatik,27
Yvanos,2
Navino,16
Shemdon,0
Pink Boss,4
Skip Da Line,9
Blackmen,22
Extension Dasinga,0
Omo Frenchie,19
SIKEM,31
Phil Watkis,1
Ai Milly,34
I-Shenko,17
Nothing’s Carved In Stone,37
Upon Your Grave,0
Macération,0
Gory Blister,2
Alpha Virus,8
Sensory Amusia,7
Oppressor,10
Bloody Tyrant,12
Depressed Mode,11
Sun Eater,21
Souldrainer,6
Molder,12
Obsidious,12
Epidemic Scorn,1
Moonshade,9
Summoning the Lich,25
Perpetual Night,4
The Devils of Loudun,5
Freedom of Fear,10
Tomb Of Finland,2
Carrion Vael,13
Buried Realm,7
Insect Inside,11
Syphilic,13
Michigan State University Spartan Marching Band,21
Black Noise Therapy,26
Krimh,13
For I Am King,21
Sisters of Suffocation,8
EastFreaks,1
beatsbyhand,36
Senior Oat,40
Stone Van Brooken,31
Starpoint,32
Stars On 45,41
Cherrelle,40
Freaky Boys,36
Dutchican Soul,36
Biba,55
Hotswing,24
The Supermen Lovers,44
Kramder,7
David Ruffin,36
Metrika,44
Secret Service,40
Bagno Armonico,28
5000 Volts,21
DJ OMEN,29
Avision,26
Morozoff,29
Cosmo Vitelli,26
Bohannon,28
Cliff Wedge,26
James Robert Webb,17
Szpilki,30
Matthias Carras,13
The Dayton Family,32
Split Mirrors,18
Boymerang,11
GHENGAR,38
Vastive,36
Ras Teo,27
Afinity,36
Staysick,19
Nanomake,17
Decimate,26
Aimer,64
Gin Blossoms,54
Arthur Robert,22
Kx5,55
Monocule,35
Gabereal,40
Tomatow,27
Mariana BO,47
MBNN,43
Damaui,32
BYOR,64
Flakkë,43
ROZES,58
CARYS,47
Emily Vaughn,51
Rovalio,55
Madison Rose,35
Kiri Te Kanawa,42
Naomi Wild,51
Nostalgix,38
LANNDS,17
Atour,23
莉莉周她說 Lily Chou-Chou Lied,26
Uffie,39
Planet Funk,45
rRoxymore,15
Janus Rasmussen,47
MarkMate,30
Jon Casey,41
Kerem Gell,27
Rell the Soundbender,10
Turhan James,27
Elport,20
Bloodz Boi,19
Peces Raros,52
Felix Kröcher,37
Innellea,49
Liam Doc,10
Sweet Pill,44
lil hero,42
Lil Shine,41
Caspr,34
Lil Waste,15
Rayan Seventeen17,21
Midwest Pen Pals,27
Armor For Sleep,38
Anton Golden,18
TRAVMA,40
ELLEGARDEN,50
sonhos tomam conta,25
Theory of a Deadman,60
Youth League,5
KAMRAD,54
Jana Horn,22
Gal Dahan,27
Braden Barrie,21
Headband Henny,41
Robert Stillman,8
Sanja Vucic,49
Le Vent du Nord,22
Ted Yoder,20
Darko Lazic,45
Charlie Martin,24
Cvija,46
Nolune,19
doppelfinger,29
Edita,46
Olivia Barton,36
Sajfer,56
Hurricane Wisdom,42
Breskvica,56
Alexa Popov,42
Djexon,48
Isak Danielson,55
Milica Pavlović,49
Little Quirks,25
Project Smok,31
Marina Allen,31
INAS,51
Frozen Crown,30
Campedrinos,48
Naima Bock,34
Deavele Santos,47
Iguinho e Lulinha,68
CESINHA MELLO,35
Rafinha o Big Love,43
Fabinho Testado,52
Lucenna Jr,34
Berg Rabelo,32
djmelk,37